2026-07-19 12:59:00 INFO  LoginPage - Opening Login Page
2026-07-19 12:59:00 INFO  LoginPage - Entering username
2026-07-19 12:59:00 INFO  LoginPage - Entering password
2026-07-19 12:59:01 INFO  LoginPage - Clicking Login button
2026-07-19 12:59:01 INFO  LoginPage - Login request submitted
2026-07-19 12:59:04 INFO  LoginPage - Opening Login Page
2026-07-19 12:59:04 INFO  LoginPage - Entering username
2026-07-19 12:59:05 INFO  LoginPage - Entering password
2026-07-19 12:59:05 INFO  LoginPage - Clicking Login button
2026-07-19 12:59:05 INFO  LoginPage - Login request submitted
2026-07-19 12:59:08 INFO  LoginPage - Opening Login Page
2026-07-19 12:59:09 INFO  LoginPage - Entering username
2026-07-19 12:59:09 INFO  LoginPage - Entering password
2026-07-19 12:59:09 INFO  LoginPage - Clicking Login button
2026-07-19 12:59:10 INFO  LoginPage - Login request submitted
2026-07-19 12:59:13 INFO  LoginPage - Opening Login Page
2026-07-19 12:59:13 INFO  LoginPage - Entering username
2026-07-19 12:59:13 INFO  LoginPage - Entering password
2026-07-19 12:59:13 INFO  LoginPage - Clicking Login button
2026-07-19 12:59:13 INFO  LoginPage - Login request submitted
2026-07-19 12:59:16 INFO  LoginPage - Opening Login Page
2026-07-19 12:59:17 INFO  LoginPage - Entering username
2026-07-19 12:59:17 INFO  LoginPage - Entering password
2026-07-19 12:59:17 INFO  LoginPage - Clicking Login button
2026-07-19 12:59:17 INFO  LoginPage - Login request submitted
2026-07-19 12:59:28 INFO  LoginPage - Opening Login Page
2026-07-19 12:59:28 INFO  LoginPage - Entering username
2026-07-19 12:59:29 INFO  LoginPage - Entering password
2026-07-19 12:59:29 INFO  LoginPage - Clicking Login button
2026-07-19 12:59:29 INFO  LoginPage - Login request submitted
2026-07-19 12:59:32 INFO  LoginPage - Opening Login Page
2026-07-19 12:59:33 INFO  LoginPage - Entering username
2026-07-19 12:59:33 INFO  LoginPage - Entering password
2026-07-19 12:59:33 INFO  LoginPage - Clicking Login button
2026-07-19 12:59:33 INFO  LoginPage - Login request submitted
2026-07-19 12:59:36 INFO  LoginPage - Opening Login Page
2026-07-19 12:59:36 INFO  LoginPage - Entering username
2026-07-19 12:59:36 INFO  LoginPage - Entering password
2026-07-19 12:59:37 INFO  LoginPage - Clicking Login button
2026-07-19 12:59:37 INFO  LoginPage - Login request submitted
2026-07-19 12:59:40 INFO  LoginPage - Opening Login Page
2026-07-19 12:59:41 INFO  LoginPage - Entering username
2026-07-19 12:59:41 INFO  LoginPage - Entering password
2026-07-19 12:59:41 INFO  LoginPage - Clicking Login button
2026-07-19 12:59:41 INFO  LoginPage - Login request submitted
2026-07-19 12:59:44 INFO  LoginPage - Opening Login Page
2026-07-19 12:59:45 INFO  LoginPage - Entering username
2026-07-19 12:59:45 INFO  LoginPage - Entering password
2026-07-19 12:59:45 INFO  LoginPage - Clicking Login button
2026-07-19 12:59:45 INFO  LoginPage - Login request submitted
2026-07-19 12:59:48 INFO  LoginPage - Opening Login Page
2026-07-19 12:59:48 INFO  LoginPage - Entering username
2026-07-19 12:59:49 INFO  LoginPage - Entering password
2026-07-19 12:59:49 INFO  LoginPage - Clicking Login button
2026-07-19 12:59:49 INFO  LoginPage - Login request submitted
2026-07-19 12:59:52 INFO  LoginPage - Opening Login Page
2026-07-19 12:59:52 INFO  LoginPage - Entering username
2026-07-19 12:59:52 INFO  LoginPage - Entering password
2026-07-19 12:59:52 INFO  LoginPage - Clicking Login button
2026-07-19 12:59:52 INFO  LoginPage - Login request submitted
2026-07-19 12:59:56 INFO  PostUserApiTest - Creating User
2026-07-19 12:59:57 INFO  PostUserApiTest - Status Code : 201
2026-07-19 12:59:57 INFO  PostUserApiTest - Response : {
    "name": "Kanchan",
    "job": "SDET",
    "id": "186",
    "createdAt": "2026-07-19T07:29:57.136Z",
    "_meta": {
        "powered_by": "ReqRes",
        "docs_url": "https://app.reqres.in/documentation",
        "upgrade_url": "https://app.reqres.in/upgrade",
        "example_url": "https://app.reqres.in/examples/notes-app",
        "variant": "v1_a",
        "message": "Your data persists here. Add auth, logs, and custom schemas to build a real backend.",
        "cta": {
            "label": "See example app",
            "url": "https://app.reqres.in/examples/notes-app"
        },
        "context": "legacy_success"
    }
}
2026-07-19 18:26:17 INFO  LoginPage - Opening Login Page
2026-07-19 18:26:17 INFO  LoginPage - Entering username
2026-07-19 18:26:17 INFO  LoginPage - Entering password
2026-07-19 18:26:17 INFO  LoginPage - Clicking Login button
2026-07-19 18:26:18 INFO  LoginPage - Login request submitted
2026-07-19 18:26:20 INFO  LoginPage - Opening Login Page
2026-07-19 18:26:21 INFO  LoginPage - Entering username
2026-07-19 18:26:21 INFO  LoginPage - Entering password
2026-07-19 18:26:21 INFO  LoginPage - Clicking Login button
2026-07-19 18:26:21 INFO  LoginPage - Login request submitted
2026-07-19 18:26:23 INFO  LoginPage - Opening Login Page
2026-07-19 18:26:24 INFO  LoginPage - Entering username
2026-07-19 18:26:24 INFO  LoginPage - Entering password
2026-07-19 18:26:24 INFO  LoginPage - Clicking Login button
2026-07-19 18:26:24 INFO  LoginPage - Login request submitted
2026-07-19 18:26:26 INFO  LoginPage - Opening Login Page
2026-07-19 18:26:32 INFO  LoginPage - Entering username
2026-07-19 18:26:32 INFO  LoginPage - Entering password
2026-07-19 18:26:32 INFO  LoginPage - Clicking Login button
2026-07-19 18:26:32 INFO  LoginPage - Login request submitted
2026-07-19 18:26:35 INFO  LoginPage - Opening Login Page
2026-07-19 18:26:35 INFO  LoginPage - Entering username
2026-07-19 18:26:35 INFO  LoginPage - Entering password
2026-07-19 18:26:35 INFO  LoginPage - Clicking Login button
2026-07-19 18:26:35 INFO  LoginPage - Login request submitted
2026-07-19 18:26:44 INFO  LoginPage - Opening Login Page
2026-07-19 18:26:44 INFO  LoginPage - Entering username
2026-07-19 18:26:44 INFO  LoginPage - Entering password
2026-07-19 18:26:44 INFO  LoginPage - Clicking Login button
2026-07-19 18:26:44 INFO  LoginPage - Login request submitted
2026-07-19 18:26:47 INFO  LoginPage - Opening Login Page
2026-07-19 18:26:47 INFO  LoginPage - Entering username
2026-07-19 18:26:47 INFO  LoginPage - Entering password
2026-07-19 18:26:47 INFO  LoginPage - Clicking Login button
2026-07-19 18:26:47 INFO  LoginPage - Login request submitted
2026-07-19 18:26:50 INFO  LoginPage - Opening Login Page
2026-07-19 18:26:50 INFO  LoginPage - Entering username
2026-07-19 18:26:50 INFO  LoginPage - Entering password
2026-07-19 18:26:50 INFO  LoginPage - Clicking Login button
2026-07-19 18:26:50 INFO  LoginPage - Login request submitted
2026-07-19 18:26:53 INFO  LoginPage - Opening Login Page
2026-07-19 18:26:53 INFO  LoginPage - Entering username
2026-07-19 18:26:53 INFO  LoginPage - Entering password
2026-07-19 18:26:54 INFO  LoginPage - Clicking Login button
2026-07-19 18:26:54 INFO  LoginPage - Login request submitted
2026-07-19 18:26:56 INFO  LoginPage - Opening Login Page
2026-07-19 18:26:56 INFO  LoginPage - Entering username
2026-07-19 18:26:56 INFO  LoginPage - Entering password
2026-07-19 18:26:56 INFO  LoginPage - Clicking Login button
2026-07-19 18:26:57 INFO  LoginPage - Login request submitted
2026-07-19 18:26:59 INFO  LoginPage - Opening Login Page
2026-07-19 18:26:59 INFO  LoginPage - Entering username
2026-07-19 18:26:59 INFO  LoginPage - Entering password
2026-07-19 18:26:59 INFO  LoginPage - Clicking Login button
2026-07-19 18:26:59 INFO  LoginPage - Login request submitted
2026-07-19 18:27:06 INFO  LoginPage - Opening Login Page
2026-07-19 18:27:07 INFO  LoginPage - Entering username
2026-07-19 18:27:07 INFO  LoginPage - Entering password
2026-07-19 18:27:07 INFO  LoginPage - Clicking Login button
2026-07-19 18:27:07 INFO  LoginPage - Login request submitted
2026-07-19 18:27:09 INFO  PostUserApiTest - Creating User
2026-07-19 18:27:10 INFO  PostUserApiTest - Status Code : 201
2026-07-19 18:27:10 INFO  PostUserApiTest - Response : {
    "name": "Kanchan",
    "job": "SDET",
    "id": "558",
    "createdAt": "2026-07-19T12:57:10.753Z",
    "_meta": {
        "powered_by": "ReqRes",
        "docs_url": "https://app.reqres.in/documentation",
        "upgrade_url": "https://app.reqres.in/upgrade",
        "example_url": "https://app.reqres.in/examples/notes-app",
        "variant": "v1_a",
        "message": "Your data persists here. Add auth, logs, and custom schemas to build a real backend.",
        "cta": {
            "label": "See example app",
            "url": "https://app.reqres.in/examples/notes-app"
        },
        "context": "legacy_success"
    }
}
2026-07-19 18:35:18 INFO  LoginPage - Opening Login Page
2026-07-19 18:35:19 INFO  LoginPage - Entering username
2026-07-19 18:35:19 INFO  LoginPage - Entering password
2026-07-19 18:35:19 INFO  LoginPage - Clicking Login button
2026-07-19 18:35:19 INFO  LoginPage - Login request submitted
2026-07-19 18:35:21 INFO  LoginPage - Opening Login Page
2026-07-19 18:35:26 INFO  LoginPage - Entering username
2026-07-19 18:35:27 INFO  LoginPage - Entering password
2026-07-19 18:35:27 INFO  LoginPage - Clicking Login button
2026-07-19 18:35:27 INFO  LoginPage - Login request submitted
2026-07-19 18:35:29 INFO  LoginPage - Opening Login Page
2026-07-19 18:35:30 INFO  LoginPage - Entering username
2026-07-19 18:35:30 INFO  LoginPage - Entering password
2026-07-19 18:35:30 INFO  LoginPage - Clicking Login button
2026-07-19 18:35:30 INFO  LoginPage - Login request submitted
2026-07-19 18:35:32 INFO  LoginPage - Opening Login Page
2026-07-19 18:35:32 INFO  LoginPage - Entering username
2026-07-19 18:35:33 INFO  LoginPage - Entering password
2026-07-19 18:35:33 INFO  LoginPage - Clicking Login button
2026-07-19 18:35:33 INFO  LoginPage - Login request submitted
2026-07-19 18:35:35 INFO  LoginPage - Opening Login Page
2026-07-19 18:35:36 INFO  LoginPage - Entering username
2026-07-19 18:35:36 INFO  LoginPage - Entering password
2026-07-19 18:35:36 INFO  LoginPage - Clicking Login button
2026-07-19 18:35:36 INFO  LoginPage - Login request submitted
2026-07-19 18:35:44 INFO  LoginPage - Opening Login Page
2026-07-19 18:35:45 INFO  LoginPage - Entering username
2026-07-19 18:35:45 INFO  LoginPage - Entering password
2026-07-19 18:35:45 INFO  LoginPage - Clicking Login button
2026-07-19 18:35:45 INFO  LoginPage - Login request submitted
2026-07-19 18:35:47 INFO  LoginPage - Opening Login Page
2026-07-19 18:35:47 INFO  LoginPage - Entering username
2026-07-19 18:35:48 INFO  LoginPage - Entering password
2026-07-19 18:35:48 INFO  LoginPage - Clicking Login button
2026-07-19 18:35:48 INFO  LoginPage - Login request submitted
2026-07-19 18:35:50 INFO  LoginPage - Opening Login Page
2026-07-19 18:35:50 INFO  LoginPage - Entering username
2026-07-19 18:35:50 INFO  LoginPage - Entering password
2026-07-19 18:35:50 INFO  LoginPage - Clicking Login button
2026-07-19 18:35:51 INFO  LoginPage - Login request submitted
2026-07-19 18:35:53 INFO  LoginPage - Opening Login Page
2026-07-19 18:35:53 INFO  LoginPage - Entering username
2026-07-19 18:35:53 INFO  LoginPage - Entering password
2026-07-19 18:35:54 INFO  LoginPage - Clicking Login button
2026-07-19 18:35:54 INFO  LoginPage - Login request submitted
2026-07-19 18:35:56 INFO  LoginPage - Opening Login Page
2026-07-19 18:35:56 INFO  LoginPage - Entering username
2026-07-19 18:35:56 INFO  LoginPage - Entering password
2026-07-19 18:35:56 INFO  LoginPage - Clicking Login button
2026-07-19 18:35:57 INFO  LoginPage - Login request submitted
2026-07-19 18:35:59 INFO  LoginPage - Opening Login Page
2026-07-19 18:35:59 INFO  LoginPage - Entering username
2026-07-19 18:35:59 INFO  LoginPage - Entering password
2026-07-19 18:35:59 INFO  LoginPage - Clicking Login button
2026-07-19 18:35:59 INFO  LoginPage - Login request submitted
2026-07-19 18:36:01 INFO  LoginPage - Opening Login Page
2026-07-19 18:36:02 INFO  LoginPage - Entering username
2026-07-19 18:36:02 INFO  LoginPage - Entering password
2026-07-19 18:36:02 INFO  LoginPage - Clicking Login button
2026-07-19 18:36:02 INFO  LoginPage - Login request submitted
2026-07-19 18:36:05 INFO  PostUserApiTest - Creating User
2026-07-19 18:36:05 INFO  PostUserApiTest - Status Code : 201
2026-07-19 18:36:05 INFO  PostUserApiTest - Response : {
    "name": "Kanchan",
    "job": "SDET",
    "id": "989",
    "createdAt": "2026-07-19T13:06:06.019Z",
    "_meta": {
        "powered_by": "ReqRes",
        "docs_url": "https://app.reqres.in/documentation",
        "upgrade_url": "https://app.reqres.in/upgrade",
        "example_url": "https://app.reqres.in/examples/notes-app",
        "variant": "v1_a",
        "message": "Your data persists here. Add auth, logs, and custom schemas to build a real backend.",
        "cta": {
            "label": "See example app",
            "url": "https://app.reqres.in/examples/notes-app"
        },
        "context": "legacy_success"
    }
}
2026-07-19 18:46:18 INFO  PostUserApiTest - Creating User
2026-07-19 18:46:20 INFO  PostUserApiTest - Status Code : 201
2026-07-19 18:46:20 INFO  PostUserApiTest - Response : {
    "name": "Kanchan",
    "job": "SDET",
    "id": "764",
    "createdAt": "2026-07-19T13:16:21.060Z",
    "_meta": {
        "powered_by": "ReqRes",
        "docs_url": "https://app.reqres.in/documentation",
        "upgrade_url": "https://app.reqres.in/upgrade",
        "example_url": "https://app.reqres.in/examples/notes-app",
        "variant": "v1_a",
        "message": "Your data persists here. Add auth, logs, and custom schemas to build a real backend.",
        "cta": {
            "label": "See example app",
            "url": "https://app.reqres.in/examples/notes-app"
        },
        "context": "legacy_success"
    }
}
2026-07-19 18:46:20 INFO  PostUserApiTest - Creating User
2026-07-19 18:46:21 INFO  PostUserApiTest - Status Code : 201
2026-07-19 18:46:21 INFO  PostUserApiTest - Response : {
    "name": "Rahul",
    "job": "QA",
    "id": "994",
    "createdAt": "2026-07-19T13:16:21.530Z",
    "_meta": {
        "powered_by": "ReqRes",
        "docs_url": "https://app.reqres.in/documentation",
        "upgrade_url": "https://app.reqres.in/upgrade",
        "example_url": "https://app.reqres.in/examples/notes-app",
        "variant": "v1_a",
        "message": "Your data persists here. Add auth, logs, and custom schemas to build a real backend.",
        "cta": {
            "label": "See example app",
            "url": "https://app.reqres.in/examples/notes-app"
        },
        "context": "legacy_success"
    }
}
2026-07-19 18:46:21 INFO  PostUserApiTest - Creating User
2026-07-19 18:46:21 INFO  PostUserApiTest - Status Code : 201
2026-07-19 18:46:21 INFO  PostUserApiTest - Response : {
    "name": "Priya",
    "job": "Developer",
    "id": "947",
    "createdAt": "2026-07-19T13:16:21.790Z",
    "_meta": {
        "powered_by": "ReqRes",
        "docs_url": "https://app.reqres.in/documentation",
        "upgrade_url": "https://app.reqres.in/upgrade",
        "example_url": "https://app.reqres.in/examples/notes-app",
        "variant": "v1_a",
        "message": "Your data persists here. Add auth, logs, and custom schemas to build a real backend.",
        "cta": {
            "label": "See example app",
            "url": "https://app.reqres.in/examples/notes-app"
        },
        "context": "legacy_success"
    }
}
2026-07-19 18:46:21 INFO  PostUserApiTest - Creating User
2026-07-19 18:46:21 INFO  PostUserApiTest - Status Code : 201
2026-07-19 18:46:21 INFO  PostUserApiTest - Response : {
    "name": "Sneha",
    "job": "Tester",
    "id": "81",
    "createdAt": "2026-07-19T13:16:22.150Z",
    "_meta": {
        "powered_by": "ReqRes",
        "docs_url": "https://app.reqres.in/documentation",
        "upgrade_url": "https://app.reqres.in/upgrade",
        "example_url": "https://app.reqres.in/examples/notes-app",
        "variant": "v1_a",
        "message": "Your data persists here. Add auth, logs, and custom schemas to build a real backend.",
        "cta": {
            "label": "See example app",
            "url": "https://app.reqres.in/examples/notes-app"
        },
        "context": "legacy_success"
    }
}
2026-07-19 19:08:10 INFO  LoginPage - Opening Login Page
2026-07-19 19:08:10 INFO  LoginPage - Entering username
2026-07-19 19:08:10 INFO  LoginPage - Entering password
2026-07-19 19:08:11 INFO  LoginPage - Clicking Login button
2026-07-19 19:08:11 INFO  LoginPage - Login request submitted
2026-07-19 19:08:13 INFO  LoginPage - Opening Login Page
2026-07-19 19:08:14 INFO  LoginPage - Entering username
2026-07-19 19:08:14 INFO  LoginPage - Entering password
2026-07-19 19:08:14 INFO  LoginPage - Clicking Login button
2026-07-19 19:08:14 INFO  LoginPage - Login request submitted
2026-07-19 19:08:16 INFO  LoginPage - Opening Login Page
2026-07-19 19:08:17 INFO  LoginPage - Entering username
2026-07-19 19:08:17 INFO  LoginPage - Entering password
2026-07-19 19:08:17 INFO  LoginPage - Clicking Login button
2026-07-19 19:08:17 INFO  LoginPage - Login request submitted
2026-07-19 19:08:19 INFO  LoginPage - Opening Login Page
2026-07-19 19:08:21 INFO  LoginPage - Entering username
2026-07-19 19:08:21 INFO  LoginPage - Entering password
2026-07-19 19:08:21 INFO  LoginPage - Clicking Login button
2026-07-19 19:08:21 INFO  LoginPage - Login request submitted
2026-07-19 19:08:23 INFO  LoginPage - Opening Login Page
2026-07-19 19:08:23 INFO  LoginPage - Entering username
2026-07-19 19:08:23 INFO  LoginPage - Entering password
2026-07-19 19:08:23 INFO  LoginPage - Clicking Login button
2026-07-19 19:08:24 INFO  LoginPage - Login request submitted
2026-07-19 19:08:32 INFO  LoginPage - Opening Login Page
2026-07-19 19:08:32 INFO  LoginPage - Entering username
2026-07-19 19:08:32 INFO  LoginPage - Entering password
2026-07-19 19:08:32 INFO  LoginPage - Clicking Login button
2026-07-19 19:08:32 INFO  LoginPage - Login request submitted
2026-07-19 19:08:35 INFO  LoginPage - Opening Login Page
2026-07-19 19:08:35 INFO  LoginPage - Entering username
2026-07-19 19:08:36 INFO  LoginPage - Entering password
2026-07-19 19:08:36 INFO  LoginPage - Clicking Login button
2026-07-19 19:08:36 INFO  LoginPage - Login request submitted
2026-07-19 19:08:38 INFO  LoginPage - Opening Login Page
2026-07-19 19:08:38 INFO  LoginPage - Entering username
2026-07-19 19:08:38 INFO  LoginPage - Entering password
2026-07-19 19:08:39 INFO  LoginPage - Clicking Login button
2026-07-19 19:08:39 INFO  LoginPage - Login request submitted
2026-07-19 19:08:41 INFO  LoginPage - Opening Login Page
2026-07-19 19:08:42 INFO  LoginPage - Entering username
2026-07-19 19:08:42 INFO  LoginPage - Entering password
2026-07-19 19:08:42 INFO  LoginPage - Clicking Login button
2026-07-19 19:08:42 INFO  LoginPage - Login request submitted
2026-07-19 19:08:44 INFO  LoginPage - Opening Login Page
2026-07-19 19:08:45 INFO  LoginPage - Entering username
2026-07-19 19:08:45 INFO  LoginPage - Entering password
2026-07-19 19:08:45 INFO  LoginPage - Clicking Login button
2026-07-19 19:08:45 INFO  LoginPage - Login request submitted
2026-07-19 19:08:47 INFO  LoginPage - Opening Login Page
2026-07-19 19:08:47 INFO  LoginPage - Entering username
2026-07-19 19:08:47 INFO  LoginPage - Entering password
2026-07-19 19:08:48 INFO  LoginPage - Clicking Login button
2026-07-19 19:08:48 INFO  LoginPage - Login request submitted
2026-07-19 19:08:50 INFO  LoginPage - Opening Login Page
2026-07-19 19:08:50 INFO  LoginPage - Entering username
2026-07-19 19:08:50 INFO  LoginPage - Entering password
2026-07-19 19:08:50 INFO  LoginPage - Clicking Login button
2026-07-19 19:08:50 INFO  LoginPage - Login request submitted
2026-07-19 19:21:49 INFO  LoginPage - Opening Login Page
2026-07-19 19:21:49 INFO  LoginPage - Entering username
2026-07-19 19:21:50 INFO  LoginPage - Entering password
2026-07-19 19:21:50 INFO  LoginPage - Clicking Login button
2026-07-19 19:21:50 INFO  LoginPage - Login request submitted
2026-07-19 19:21:52 INFO  LoginPage - Opening Login Page
2026-07-19 19:21:53 INFO  LoginPage - Entering username
2026-07-19 19:21:53 INFO  LoginPage - Entering password
2026-07-19 19:21:53 INFO  LoginPage - Clicking Login button
2026-07-19 19:21:53 INFO  LoginPage - Login request submitted
2026-07-19 19:21:55 INFO  LoginPage - Opening Login Page
2026-07-19 19:21:55 INFO  LoginPage - Entering username
2026-07-19 19:21:56 INFO  LoginPage - Entering password
2026-07-19 19:21:56 INFO  LoginPage - Clicking Login button
2026-07-19 19:21:56 INFO  LoginPage - Login request submitted
2026-07-19 19:21:58 INFO  LoginPage - Opening Login Page
2026-07-19 19:21:59 INFO  LoginPage - Entering username
2026-07-19 19:21:59 INFO  LoginPage - Entering password
2026-07-19 19:21:59 INFO  LoginPage - Clicking Login button
2026-07-19 19:21:59 INFO  LoginPage - Login request submitted
2026-07-19 19:22:01 INFO  LoginPage - Opening Login Page
2026-07-19 19:22:01 INFO  LoginPage - Entering username
2026-07-19 19:22:02 INFO  LoginPage - Entering password
2026-07-19 19:22:02 INFO  LoginPage - Clicking Login button
2026-07-19 19:22:02 INFO  LoginPage - Login request submitted
2026-07-19 19:22:09 INFO  LoginPage - Opening Login Page
2026-07-19 19:22:10 INFO  LoginPage - Entering username
2026-07-19 19:22:10 INFO  LoginPage - Entering password
2026-07-19 19:22:10 INFO  LoginPage - Clicking Login button
2026-07-19 19:22:10 INFO  LoginPage - Login request submitted
2026-07-19 19:22:12 INFO  LoginPage - Opening Login Page
2026-07-19 19:22:13 INFO  LoginPage - Entering username
2026-07-19 19:22:13 INFO  LoginPage - Entering password
2026-07-19 19:22:13 INFO  LoginPage - Clicking Login button
2026-07-19 19:22:13 INFO  LoginPage - Login request submitted
2026-07-19 19:22:15 INFO  LoginPage - Opening Login Page
2026-07-19 19:22:16 INFO  LoginPage - Entering username
2026-07-19 19:22:16 INFO  LoginPage - Entering password
2026-07-19 19:22:16 INFO  LoginPage - Clicking Login button
2026-07-19 19:22:16 INFO  LoginPage - Login request submitted
2026-07-19 19:22:18 INFO  LoginPage - Opening Login Page
2026-07-19 19:22:19 INFO  LoginPage - Entering username
2026-07-19 19:22:19 INFO  LoginPage - Entering password
2026-07-19 19:22:19 INFO  LoginPage - Clicking Login button
2026-07-19 19:22:19 INFO  LoginPage - Login request submitted
2026-07-19 19:22:21 INFO  LoginPage - Opening Login Page
2026-07-19 19:22:21 INFO  LoginPage - Entering username
2026-07-19 19:22:21 INFO  LoginPage - Entering password
2026-07-19 19:22:21 INFO  LoginPage - Clicking Login button
2026-07-19 19:22:22 INFO  LoginPage - Login request submitted
2026-07-19 19:22:24 INFO  LoginPage - Opening Login Page
2026-07-19 19:22:24 INFO  LoginPage - Entering username
2026-07-19 19:22:24 INFO  LoginPage - Entering password
2026-07-19 19:22:24 INFO  LoginPage - Clicking Login button
2026-07-19 19:22:24 INFO  LoginPage - Login request submitted
2026-07-19 19:22:26 INFO  LoginPage - Opening Login Page
2026-07-19 19:22:27 INFO  LoginPage - Entering username
2026-07-19 19:22:27 INFO  LoginPage - Entering password
2026-07-19 19:22:27 INFO  LoginPage - Clicking Login button
2026-07-19 19:22:27 INFO  LoginPage - Login request submitted
2026-07-19 19:30:57 INFO  LoginPage - Opening Login Page
2026-07-19 19:31:02 INFO  LoginPage - Entering username
2026-07-19 19:31:02 INFO  LoginPage - Entering password
2026-07-19 19:31:02 INFO  LoginPage - Clicking Login button
2026-07-19 19:31:03 INFO  LoginPage - Login request submitted
2026-07-19 19:31:05 INFO  LoginPage - Opening Login Page
2026-07-19 19:31:05 INFO  LoginPage - Entering username
2026-07-19 19:31:06 INFO  LoginPage - Entering password
2026-07-19 19:31:06 INFO  LoginPage - Clicking Login button
2026-07-19 19:31:06 INFO  LoginPage - Login request submitted
2026-07-19 19:31:08 INFO  LoginPage - Opening Login Page
2026-07-19 19:31:09 INFO  LoginPage - Entering username
2026-07-19 19:31:09 INFO  LoginPage - Entering password
2026-07-19 19:31:09 INFO  LoginPage - Clicking Login button
2026-07-19 19:31:09 INFO  LoginPage - Login request submitted
2026-07-19 19:31:11 INFO  LoginPage - Opening Login Page
2026-07-19 19:31:11 INFO  LoginPage - Entering username
2026-07-19 19:31:12 INFO  LoginPage - Entering password
2026-07-19 19:31:12 INFO  LoginPage - Clicking Login button
2026-07-19 19:31:12 INFO  LoginPage - Login request submitted
2026-07-19 19:31:14 INFO  LoginPage - Opening Login Page
2026-07-19 19:31:19 INFO  LoginPage - Entering username
2026-07-19 19:31:19 INFO  LoginPage - Entering password
2026-07-19 19:31:19 INFO  LoginPage - Clicking Login button
2026-07-19 19:31:19 INFO  LoginPage - Login request submitted
2026-07-19 19:31:28 INFO  LoginPage - Opening Login Page
2026-07-19 19:31:28 INFO  LoginPage - Entering username
2026-07-19 19:31:28 INFO  LoginPage - Entering password
2026-07-19 19:31:29 INFO  LoginPage - Clicking Login button
2026-07-19 19:31:29 INFO  LoginPage - Login request submitted
2026-07-19 19:31:31 INFO  LoginPage - Opening Login Page
2026-07-19 19:31:31 INFO  LoginPage - Entering username
2026-07-19 19:31:31 INFO  LoginPage - Entering password
2026-07-19 19:31:31 INFO  LoginPage - Clicking Login button
2026-07-19 19:31:32 INFO  LoginPage - Login request submitted
2026-07-19 19:31:34 INFO  LoginPage - Opening Login Page
2026-07-19 19:31:34 INFO  LoginPage - Entering username
2026-07-19 19:31:34 INFO  LoginPage - Entering password
2026-07-19 19:31:34 INFO  LoginPage - Clicking Login button
2026-07-19 19:31:34 INFO  LoginPage - Login request submitted
2026-07-19 19:31:37 INFO  LoginPage - Opening Login Page
2026-07-19 19:31:37 INFO  LoginPage - Entering username
2026-07-19 19:31:37 INFO  LoginPage - Entering password
2026-07-19 19:31:37 INFO  LoginPage - Clicking Login button
2026-07-19 19:31:38 INFO  LoginPage - Login request submitted
2026-07-19 19:31:40 INFO  LoginPage - Opening Login Page
2026-07-19 19:31:41 INFO  LoginPage - Entering username
2026-07-19 19:31:41 INFO  LoginPage - Entering password
2026-07-19 19:31:41 INFO  LoginPage - Clicking Login button
2026-07-19 19:31:41 INFO  LoginPage - Login request submitted
2026-07-19 19:31:43 INFO  LoginPage - Opening Login Page
2026-07-19 19:31:43 INFO  LoginPage - Entering username
2026-07-19 19:31:43 INFO  LoginPage - Entering password
2026-07-19 19:31:43 INFO  LoginPage - Clicking Login button
2026-07-19 19:31:44 INFO  LoginPage - Login request submitted
2026-07-19 19:31:46 INFO  LoginPage - Opening Login Page
2026-07-19 19:31:46 INFO  LoginPage - Entering username
2026-07-19 19:31:46 INFO  LoginPage - Entering password
2026-07-19 19:31:46 INFO  LoginPage - Clicking Login button
2026-07-19 19:31:46 INFO  LoginPage - Login request submitted
2026-07-19 19:59:25 INFO  LoginPage - Opening Login Page
2026-07-19 19:59:26 INFO  LoginPage - Entering username
2026-07-19 19:59:26 INFO  LoginPage - Entering password
2026-07-19 19:59:26 INFO  LoginPage - Clicking Login button
2026-07-19 19:59:26 INFO  LoginPage - Login request submitted
2026-07-19 19:59:28 INFO  LoginPage - Opening Login Page
2026-07-19 19:59:29 INFO  LoginPage - Entering username
2026-07-19 19:59:29 INFO  LoginPage - Entering password
2026-07-19 19:59:29 INFO  LoginPage - Clicking Login button
2026-07-19 19:59:29 INFO  LoginPage - Login request submitted
2026-07-19 19:59:31 INFO  LoginPage - Opening Login Page
2026-07-19 19:59:33 INFO  LoginPage - Entering username
2026-07-19 19:59:33 INFO  LoginPage - Entering password
2026-07-19 19:59:33 INFO  LoginPage - Clicking Login button
2026-07-19 19:59:33 INFO  LoginPage - Login request submitted
2026-07-19 19:59:35 INFO  LoginPage - Opening Login Page
2026-07-19 19:59:35 INFO  LoginPage - Entering username
2026-07-19 19:59:35 INFO  LoginPage - Entering password
2026-07-19 19:59:35 INFO  LoginPage - Clicking Login button
2026-07-19 19:59:36 INFO  LoginPage - Login request submitted
2026-07-19 19:59:38 INFO  LoginPage - Opening Login Page
2026-07-19 19:59:38 INFO  LoginPage - Entering username
2026-07-19 19:59:38 INFO  LoginPage - Entering password
2026-07-19 19:59:38 INFO  LoginPage - Clicking Login button
2026-07-19 19:59:39 INFO  LoginPage - Login request submitted
2026-07-19 19:59:47 INFO  LoginPage - Opening Login Page
2026-07-19 19:59:48 INFO  LoginPage - Entering username
2026-07-19 19:59:48 INFO  LoginPage - Entering password
2026-07-19 19:59:48 INFO  LoginPage - Clicking Login button
2026-07-19 19:59:48 INFO  LoginPage - Login request submitted
2026-07-19 19:59:51 INFO  LoginPage - Opening Login Page
2026-07-19 19:59:51 INFO  LoginPage - Entering username
2026-07-19 19:59:51 INFO  LoginPage - Entering password
2026-07-19 19:59:51 INFO  LoginPage - Clicking Login button
2026-07-19 19:59:51 INFO  LoginPage - Login request submitted
2026-07-19 19:59:53 INFO  LoginPage - Opening Login Page
2026-07-19 19:59:54 INFO  LoginPage - Entering username
2026-07-19 19:59:54 INFO  LoginPage - Entering password
2026-07-19 19:59:54 INFO  LoginPage - Clicking Login button
2026-07-19 19:59:54 INFO  LoginPage - Login request submitted
2026-07-19 19:59:57 INFO  LoginPage - Opening Login Page
2026-07-19 19:59:57 INFO  LoginPage - Entering username
2026-07-19 19:59:57 INFO  LoginPage - Entering password
2026-07-19 19:59:57 INFO  LoginPage - Clicking Login button
2026-07-19 19:59:57 INFO  LoginPage - Login request submitted
2026-07-19 20:00:00 INFO  LoginPage - Opening Login Page
2026-07-19 20:00:00 INFO  LoginPage - Entering username
2026-07-19 20:00:00 INFO  LoginPage - Entering password
2026-07-19 20:00:00 INFO  LoginPage - Clicking Login button
2026-07-19 20:00:00 INFO  LoginPage - Login request submitted
2026-07-19 20:00:02 INFO  LoginPage - Opening Login Page
2026-07-19 20:00:03 INFO  LoginPage - Entering username
2026-07-19 20:00:03 INFO  LoginPage - Entering password
2026-07-19 20:00:03 INFO  LoginPage - Clicking Login button
2026-07-19 20:00:03 INFO  LoginPage - Login request submitted
2026-07-19 20:00:05 INFO  LoginPage - Opening Login Page
2026-07-19 20:00:05 INFO  LoginPage - Entering username
2026-07-19 20:00:05 INFO  LoginPage - Entering password
2026-07-19 20:00:05 INFO  LoginPage - Clicking Login button
2026-07-19 20:00:06 INFO  LoginPage - Login request submitted
2026-07-19 21:10:40 INFO  LoginPage - Opening Login Page
2026-07-19 21:10:45 INFO  LoginPage - Entering username
2026-07-19 21:10:45 INFO  LoginPage - Entering password
2026-07-19 21:10:45 INFO  LoginPage - Clicking Login button
2026-07-19 21:10:45 INFO  LoginPage - Login request submitted
2026-07-19 21:10:48 INFO  LoginPage - Opening Login Page
2026-07-19 21:10:48 INFO  LoginPage - Entering username
2026-07-19 21:10:48 INFO  LoginPage - Entering password
2026-07-19 21:10:48 INFO  LoginPage - Clicking Login button
2026-07-19 21:10:48 INFO  LoginPage - Login request submitted
2026-07-19 21:10:50 INFO  LoginPage - Opening Login Page
2026-07-19 21:10:51 INFO  LoginPage - Entering username
2026-07-19 21:10:51 INFO  LoginPage - Entering password
2026-07-19 21:10:51 INFO  LoginPage - Clicking Login button
2026-07-19 21:10:51 INFO  LoginPage - Login request submitted
2026-07-19 21:10:53 INFO  LoginPage - Opening Login Page
2026-07-19 21:10:54 INFO  LoginPage - Entering username
2026-07-19 21:10:54 INFO  LoginPage - Entering password
2026-07-19 21:10:54 INFO  LoginPage - Clicking Login button
2026-07-19 21:10:54 INFO  LoginPage - Login request submitted
2026-07-19 21:10:56 INFO  LoginPage - Opening Login Page
2026-07-19 21:10:56 INFO  LoginPage - Entering username
2026-07-19 21:10:56 INFO  LoginPage - Entering password
2026-07-19 21:10:56 INFO  LoginPage - Clicking Login button
2026-07-19 21:10:57 INFO  LoginPage - Login request submitted
2026-07-19 21:11:04 INFO  LoginPage - Opening Login Page
2026-07-19 21:11:04 INFO  LoginPage - Entering username
2026-07-19 21:11:04 INFO  LoginPage - Entering password
2026-07-19 21:11:05 INFO  LoginPage - Clicking Login button
2026-07-19 21:11:05 INFO  LoginPage - Login request submitted
2026-07-19 21:11:07 INFO  LoginPage - Opening Login Page
2026-07-19 21:11:07 INFO  LoginPage - Entering username
2026-07-19 21:11:07 INFO  LoginPage - Entering password
2026-07-19 21:11:07 INFO  LoginPage - Clicking Login button
2026-07-19 21:11:08 INFO  LoginPage - Login request submitted
2026-07-19 21:11:10 INFO  LoginPage - Opening Login Page
2026-07-19 21:11:10 INFO  LoginPage - Entering username
2026-07-19 21:11:10 INFO  LoginPage - Entering password
2026-07-19 21:11:10 INFO  LoginPage - Clicking Login button
2026-07-19 21:11:10 INFO  LoginPage - Login request submitted
2026-07-19 21:11:13 INFO  LoginPage - Opening Login Page
2026-07-19 21:11:13 INFO  LoginPage - Entering username
2026-07-19 21:11:13 INFO  LoginPage - Entering password
2026-07-19 21:11:13 INFO  LoginPage - Clicking Login button
2026-07-19 21:11:13 INFO  LoginPage - Login request submitted
2026-07-19 21:11:16 INFO  LoginPage - Opening Login Page
2026-07-19 21:11:16 INFO  LoginPage - Entering username
2026-07-19 21:11:16 INFO  LoginPage - Entering password
2026-07-19 21:11:16 INFO  LoginPage - Clicking Login button
2026-07-19 21:11:17 INFO  LoginPage - Login request submitted
2026-07-19 21:11:19 INFO  LoginPage - Opening Login Page
2026-07-19 21:11:19 INFO  LoginPage - Entering username
2026-07-19 21:11:19 INFO  LoginPage - Entering password
2026-07-19 21:11:19 INFO  LoginPage - Clicking Login button
2026-07-19 21:11:19 INFO  LoginPage - Login request submitted
2026-07-19 21:11:21 INFO  LoginPage - Opening Login Page
2026-07-19 21:11:22 INFO  LoginPage - Entering username
2026-07-19 21:11:22 INFO  LoginPage - Entering password
2026-07-19 21:11:22 INFO  LoginPage - Clicking Login button
2026-07-19 21:11:22 INFO  LoginPage - Login request submitted
2026-07-19 21:14:58 INFO  LoginPage - Opening Login Page
2026-07-19 21:14:59 INFO  LoginPage - Entering username
2026-07-19 21:14:59 INFO  LoginPage - Entering password
2026-07-19 21:14:59 INFO  LoginPage - Clicking Login button
2026-07-19 21:14:59 INFO  LoginPage - Login request submitted
2026-07-19 21:15:01 INFO  LoginPage - Opening Login Page
2026-07-19 21:15:02 INFO  LoginPage - Entering username
2026-07-19 21:15:02 INFO  LoginPage - Entering password
2026-07-19 21:15:02 INFO  LoginPage - Clicking Login button
2026-07-19 21:15:02 INFO  LoginPage - Login request submitted
2026-07-19 21:15:04 INFO  LoginPage - Opening Login Page
2026-07-19 21:15:04 INFO  LoginPage - Entering username
2026-07-19 21:15:05 INFO  LoginPage - Entering password
2026-07-19 21:15:05 INFO  LoginPage - Clicking Login button
2026-07-19 21:15:05 INFO  LoginPage - Login request submitted
2026-07-19 21:15:07 INFO  LoginPage - Opening Login Page
2026-07-19 21:15:07 INFO  LoginPage - Entering username
2026-07-19 21:15:07 INFO  LoginPage - Entering password
2026-07-19 21:15:07 INFO  LoginPage - Clicking Login button
2026-07-19 21:15:08 INFO  LoginPage - Login request submitted
2026-07-19 21:15:10 INFO  LoginPage - Opening Login Page
2026-07-19 21:15:10 INFO  LoginPage - Entering username
2026-07-19 21:15:10 INFO  LoginPage - Entering password
2026-07-19 21:15:10 INFO  LoginPage - Clicking Login button
2026-07-19 21:15:10 INFO  LoginPage - Login request submitted
2026-07-19 21:15:17 INFO  LoginPage - Opening Login Page
2026-07-19 21:15:17 INFO  LoginPage - Entering username
2026-07-19 21:15:18 INFO  LoginPage - Entering password
2026-07-19 21:15:18 INFO  LoginPage - Clicking Login button
2026-07-19 21:15:18 INFO  LoginPage - Login request submitted
2026-07-19 21:15:20 INFO  LoginPage - Opening Login Page
2026-07-19 21:15:20 INFO  LoginPage - Entering username
2026-07-19 21:15:20 INFO  LoginPage - Entering password
2026-07-19 21:15:21 INFO  LoginPage - Clicking Login button
2026-07-19 21:15:21 INFO  LoginPage - Login request submitted
2026-07-19 21:15:23 INFO  LoginPage - Opening Login Page
2026-07-19 21:15:23 INFO  LoginPage - Entering username
2026-07-19 21:15:23 INFO  LoginPage - Entering password
2026-07-19 21:15:23 INFO  LoginPage - Clicking Login button
2026-07-19 21:15:23 INFO  LoginPage - Login request submitted
2026-07-19 21:15:26 INFO  LoginPage - Opening Login Page
2026-07-19 21:15:27 INFO  LoginPage - Entering username
2026-07-19 21:15:27 INFO  LoginPage - Entering password
2026-07-19 21:15:27 INFO  LoginPage - Clicking Login button
2026-07-19 21:15:27 INFO  LoginPage - Login request submitted
2026-07-19 21:15:29 INFO  LoginPage - Opening Login Page
2026-07-19 21:15:29 INFO  LoginPage - Entering username
2026-07-19 21:15:29 INFO  LoginPage - Entering password
2026-07-19 21:15:29 INFO  LoginPage - Clicking Login button
2026-07-19 21:15:29 INFO  LoginPage - Login request submitted
2026-07-19 21:15:31 INFO  LoginPage - Opening Login Page
2026-07-19 21:15:32 INFO  LoginPage - Entering username
2026-07-19 21:15:32 INFO  LoginPage - Entering password
2026-07-19 21:15:32 INFO  LoginPage - Clicking Login button
2026-07-19 21:15:32 INFO  LoginPage - Login request submitted
2026-07-19 21:15:35 INFO  LoginPage - Opening Login Page
2026-07-19 21:15:35 INFO  LoginPage - Entering username
2026-07-19 21:15:36 INFO  LoginPage - Entering password
2026-07-19 21:15:36 INFO  LoginPage - Clicking Login button
2026-07-19 21:15:36 INFO  LoginPage - Login request submitted
2026-07-19 21:19:41 INFO  LoginPage - Opening Login Page
2026-07-19 21:19:42 INFO  LoginPage - Entering username
2026-07-19 21:19:42 INFO  LoginPage - Entering password
2026-07-19 21:19:42 INFO  LoginPage - Clicking Login button
2026-07-19 21:19:42 INFO  LoginPage - Login request submitted
2026-07-19 21:19:46 INFO  LoginPage - Opening Login Page
2026-07-19 21:19:46 INFO  LoginPage - Entering username
2026-07-19 21:19:46 INFO  LoginPage - Entering password
2026-07-19 21:19:46 INFO  LoginPage - Clicking Login button
2026-07-19 21:19:46 INFO  LoginPage - Login request submitted
2026-07-19 21:19:49 INFO  LoginPage - Opening Login Page
2026-07-19 21:19:50 INFO  LoginPage - Entering username
2026-07-19 21:19:50 INFO  LoginPage - Entering password
2026-07-19 21:19:50 INFO  LoginPage - Clicking Login button
2026-07-19 21:19:50 INFO  LoginPage - Login request submitted
2026-07-19 21:19:53 INFO  LoginPage - Opening Login Page
2026-07-19 21:19:54 INFO  LoginPage - Entering username
2026-07-19 21:19:54 INFO  LoginPage - Entering password
2026-07-19 21:19:54 INFO  LoginPage - Clicking Login button
2026-07-19 21:19:54 INFO  LoginPage - Login request submitted
2026-07-19 21:19:57 INFO  LoginPage - Opening Login Page
2026-07-19 21:19:57 INFO  LoginPage - Entering username
2026-07-19 21:19:58 INFO  LoginPage - Entering password
2026-07-19 21:19:58 INFO  LoginPage - Clicking Login button
2026-07-19 21:19:58 INFO  LoginPage - Login request submitted
2026-07-19 21:20:08 INFO  LoginPage - Opening Login Page
2026-07-19 21:20:09 INFO  LoginPage - Entering username
2026-07-19 21:20:09 INFO  LoginPage - Entering password
2026-07-19 21:20:09 INFO  LoginPage - Clicking Login button
2026-07-19 21:20:09 INFO  LoginPage - Login request submitted
2026-07-19 21:20:12 INFO  LoginPage - Opening Login Page
2026-07-19 21:20:13 INFO  LoginPage - Entering username
2026-07-19 21:20:13 INFO  LoginPage - Entering password
2026-07-19 21:20:13 INFO  LoginPage - Clicking Login button
2026-07-19 21:20:13 INFO  LoginPage - Login request submitted
2026-07-19 21:20:16 INFO  LoginPage - Opening Login Page
2026-07-19 21:20:16 INFO  LoginPage - Entering username
2026-07-19 21:20:16 INFO  LoginPage - Entering password
2026-07-19 21:20:17 INFO  LoginPage - Clicking Login button
2026-07-19 21:20:17 INFO  LoginPage - Login request submitted
2026-07-19 21:20:20 INFO  LoginPage - Opening Login Page
2026-07-19 21:20:20 INFO  LoginPage - Entering username
2026-07-19 21:20:20 INFO  LoginPage - Entering password
2026-07-19 21:20:20 INFO  LoginPage - Clicking Login button
2026-07-19 21:20:21 INFO  LoginPage - Login request submitted
2026-07-19 21:20:23 INFO  LoginPage - Opening Login Page
2026-07-19 21:20:24 INFO  LoginPage - Entering username
2026-07-19 21:20:24 INFO  LoginPage - Entering password
2026-07-19 21:20:24 INFO  LoginPage - Clicking Login button
2026-07-19 21:20:24 INFO  LoginPage - Login request submitted
2026-07-19 21:20:27 INFO  LoginPage - Opening Login Page
2026-07-19 21:20:27 INFO  LoginPage - Entering username
2026-07-19 21:20:27 INFO  LoginPage - Entering password
2026-07-19 21:20:27 INFO  LoginPage - Clicking Login button
2026-07-19 21:20:27 INFO  LoginPage - Login request submitted
2026-07-19 21:20:30 INFO  LoginPage - Opening Login Page
2026-07-19 21:20:30 INFO  LoginPage - Entering username
2026-07-19 21:20:31 INFO  LoginPage - Entering password
2026-07-19 21:20:31 INFO  LoginPage - Clicking Login button
2026-07-19 21:20:31 INFO  LoginPage - Login request submitted
2026-07-19 21:30:24 INFO  LoginPage - Opening Login Page
2026-07-19 21:30:25 INFO  LoginPage - Entering username
2026-07-19 21:30:25 INFO  LoginPage - Entering password
2026-07-19 21:30:26 INFO  LoginPage - Clicking Login button
2026-07-19 21:30:26 INFO  LoginPage - Login request submitted
2026-07-19 21:30:29 INFO  LoginPage - Opening Login Page
2026-07-19 21:30:30 INFO  LoginPage - Entering username
2026-07-19 21:30:30 INFO  LoginPage - Entering password
2026-07-19 21:30:30 INFO  LoginPage - Clicking Login button
2026-07-19 21:30:30 INFO  LoginPage - Login request submitted
2026-07-19 21:30:33 INFO  LoginPage - Opening Login Page
2026-07-19 21:30:34 INFO  LoginPage - Entering username
2026-07-19 21:30:34 INFO  LoginPage - Entering password
2026-07-19 21:30:34 INFO  LoginPage - Clicking Login button
2026-07-19 21:30:34 INFO  LoginPage - Login request submitted
2026-07-19 21:30:37 INFO  LoginPage - Opening Login Page
2026-07-19 21:30:38 INFO  LoginPage - Entering username
2026-07-19 21:30:38 INFO  LoginPage - Entering password
2026-07-19 21:30:38 INFO  LoginPage - Clicking Login button
2026-07-19 21:30:38 INFO  LoginPage - Login request submitted
2026-07-19 21:30:41 INFO  LoginPage - Opening Login Page
2026-07-19 21:30:41 INFO  LoginPage - Entering username
2026-07-19 21:30:42 INFO  LoginPage - Entering password
2026-07-19 21:30:42 INFO  LoginPage - Clicking Login button
2026-07-19 21:30:42 INFO  LoginPage - Login request submitted
2026-07-19 21:30:53 INFO  LoginPage - Opening Login Page
2026-07-19 21:30:54 INFO  LoginPage - Entering username
2026-07-19 21:30:54 INFO  LoginPage - Entering password
2026-07-19 21:30:54 INFO  LoginPage - Clicking Login button
2026-07-19 21:30:54 INFO  LoginPage - Login request submitted
2026-07-19 21:30:57 INFO  LoginPage - Opening Login Page
2026-07-19 21:30:57 INFO  LoginPage - Entering username
2026-07-19 21:30:58 INFO  LoginPage - Entering password
2026-07-19 21:30:58 INFO  LoginPage - Clicking Login button
2026-07-19 21:30:58 INFO  LoginPage - Login request submitted
2026-07-19 21:31:01 INFO  LoginPage - Opening Login Page
2026-07-19 21:31:01 INFO  LoginPage - Entering username
2026-07-19 21:31:01 INFO  LoginPage - Entering password
2026-07-19 21:31:01 INFO  LoginPage - Clicking Login button
2026-07-19 21:31:01 INFO  LoginPage - Login request submitted
2026-07-19 21:31:05 INFO  LoginPage - Opening Login Page
2026-07-19 21:31:06 INFO  LoginPage - Entering username
2026-07-19 21:31:06 INFO  LoginPage - Entering password
2026-07-19 21:31:06 INFO  LoginPage - Clicking Login button
2026-07-19 21:31:06 INFO  LoginPage - Login request submitted
2026-07-19 21:31:09 INFO  LoginPage - Opening Login Page
2026-07-19 21:31:09 INFO  LoginPage - Entering username
2026-07-19 21:31:10 INFO  LoginPage - Entering password
2026-07-19 21:31:10 INFO  LoginPage - Clicking Login button
2026-07-19 21:31:10 INFO  LoginPage - Login request submitted
2026-07-19 21:31:12 INFO  LoginPage - Opening Login Page
2026-07-19 21:31:13 INFO  LoginPage - Entering username
2026-07-19 21:31:13 INFO  LoginPage - Entering password
2026-07-19 21:31:13 INFO  LoginPage - Clicking Login button
2026-07-19 21:31:13 INFO  LoginPage - Login request submitted
2026-07-19 21:31:16 INFO  LoginPage - Opening Login Page
2026-07-19 21:31:16 INFO  LoginPage - Entering username
2026-07-19 21:31:16 INFO  LoginPage - Entering password
2026-07-19 21:31:17 INFO  LoginPage - Clicking Login button
2026-07-19 21:31:17 INFO  LoginPage - Login request submitted
2026-07-19 22:14:55 INFO  LoginPage - Opening Login Page
2026-07-19 22:14:56 INFO  LoginPage - Entering username
2026-07-19 22:14:56 INFO  LoginPage - Entering password
2026-07-19 22:14:56 INFO  LoginPage - Clicking Login button
2026-07-19 22:14:56 INFO  LoginPage - Login request submitted
2026-07-19 22:14:59 INFO  LoginPage - Opening Login Page
2026-07-19 22:15:00 INFO  LoginPage - Entering username
2026-07-19 22:15:00 INFO  LoginPage - Entering password
2026-07-19 22:15:00 INFO  LoginPage - Clicking Login button
2026-07-19 22:15:00 INFO  LoginPage - Login request submitted
2026-07-19 22:15:03 INFO  LoginPage - Opening Login Page
2026-07-19 22:15:04 INFO  LoginPage - Entering username
2026-07-19 22:15:04 INFO  LoginPage - Entering password
2026-07-19 22:15:04 INFO  LoginPage - Clicking Login button
2026-07-19 22:15:04 INFO  LoginPage - Login request submitted
2026-07-19 22:15:07 INFO  LoginPage - Opening Login Page
2026-07-19 22:15:08 INFO  LoginPage - Entering username
2026-07-19 22:15:08 INFO  LoginPage - Entering password
2026-07-19 22:15:08 INFO  LoginPage - Clicking Login button
2026-07-19 22:15:08 INFO  LoginPage - Login request submitted
2026-07-19 22:15:12 INFO  LoginPage - Opening Login Page
2026-07-19 22:15:12 INFO  LoginPage - Entering username
2026-07-19 22:15:12 INFO  LoginPage - Entering password
2026-07-19 22:15:12 INFO  LoginPage - Clicking Login button
2026-07-19 22:15:12 INFO  LoginPage - Login request submitted
2026-07-19 22:15:22 INFO  LoginPage - Opening Login Page
2026-07-19 22:15:23 INFO  LoginPage - Entering username
2026-07-19 22:15:23 INFO  LoginPage - Entering password
2026-07-19 22:15:23 INFO  LoginPage - Clicking Login button
2026-07-19 22:15:23 INFO  LoginPage - Login request submitted
2026-07-19 22:15:26 INFO  LoginPage - Opening Login Page
2026-07-19 22:15:27 INFO  LoginPage - Entering username
2026-07-19 22:15:27 INFO  LoginPage - Entering password
2026-07-19 22:15:27 INFO  LoginPage - Clicking Login button
2026-07-19 22:15:27 INFO  LoginPage - Login request submitted
2026-07-19 22:15:30 INFO  LoginPage - Opening Login Page
2026-07-19 22:15:30 INFO  LoginPage - Entering username
2026-07-19 22:15:31 INFO  LoginPage - Entering password
2026-07-19 22:15:31 INFO  LoginPage - Clicking Login button
2026-07-19 22:15:31 INFO  LoginPage - Login request submitted
2026-07-19 22:15:34 INFO  LoginPage - Opening Login Page
2026-07-19 22:15:35 INFO  LoginPage - Entering username
2026-07-19 22:15:35 INFO  LoginPage - Entering password
2026-07-19 22:15:35 INFO  LoginPage - Clicking Login button
2026-07-19 22:15:35 INFO  LoginPage - Login request submitted
2026-07-19 22:15:38 INFO  LoginPage - Opening Login Page
2026-07-19 22:15:38 INFO  LoginPage - Entering username
2026-07-19 22:15:39 INFO  LoginPage - Entering password
2026-07-19 22:15:39 INFO  LoginPage - Clicking Login button
2026-07-19 22:15:39 INFO  LoginPage - Login request submitted
2026-07-19 22:15:41 INFO  LoginPage - Opening Login Page
2026-07-19 22:15:42 INFO  LoginPage - Entering username
2026-07-19 22:15:42 INFO  LoginPage - Entering password
2026-07-19 22:15:42 INFO  LoginPage - Clicking Login button
2026-07-19 22:15:42 INFO  LoginPage - Login request submitted
2026-07-19 22:15:45 INFO  LoginPage - Opening Login Page
2026-07-19 22:15:45 INFO  LoginPage - Entering username
2026-07-19 22:15:45 INFO  LoginPage - Entering password
2026-07-19 22:15:45 INFO  LoginPage - Clicking Login button
2026-07-19 22:15:45 INFO  LoginPage - Login request submitted
2026-07-19 22:22:45 INFO  LoginPage - Opening Login Page
2026-07-19 22:22:50 INFO  LoginPage - Entering username
2026-07-19 22:22:51 INFO  LoginPage - Entering password
2026-07-19 22:22:51 INFO  LoginPage - Clicking Login button
2026-07-19 22:22:51 INFO  LoginPage - Login request submitted
2026-07-19 22:22:54 INFO  LoginPage - Opening Login Page
2026-07-19 22:22:55 INFO  LoginPage - Entering username
2026-07-19 22:22:55 INFO  LoginPage - Entering password
2026-07-19 22:22:55 INFO  LoginPage - Clicking Login button
2026-07-19 22:22:55 INFO  LoginPage - Login request submitted
2026-07-19 22:22:58 INFO  LoginPage - Opening Login Page
2026-07-19 22:22:59 INFO  LoginPage - Entering username
2026-07-19 22:22:59 INFO  LoginPage - Entering password
2026-07-19 22:22:59 INFO  LoginPage - Clicking Login button
2026-07-19 22:22:59 INFO  LoginPage - Login request submitted
2026-07-19 22:23:03 INFO  LoginPage - Opening Login Page
2026-07-19 22:23:03 INFO  LoginPage - Entering username
2026-07-19 22:23:03 INFO  LoginPage - Entering password
2026-07-19 22:23:03 INFO  LoginPage - Clicking Login button
2026-07-19 22:23:04 INFO  LoginPage - Login request submitted
2026-07-19 22:23:06 INFO  LoginPage - Opening Login Page
2026-07-19 22:23:07 INFO  LoginPage - Entering username
2026-07-19 22:23:07 INFO  LoginPage - Entering password
2026-07-19 22:23:07 INFO  LoginPage - Clicking Login button
2026-07-19 22:23:07 INFO  LoginPage - Login request submitted
2026-07-19 22:23:19 INFO  LoginPage - Opening Login Page
2026-07-19 22:23:19 INFO  LoginPage - Entering username
2026-07-19 22:23:19 INFO  LoginPage - Entering password
2026-07-19 22:23:19 INFO  LoginPage - Clicking Login button
2026-07-19 22:23:20 INFO  LoginPage - Login request submitted
2026-07-19 22:23:22 INFO  LoginPage - Opening Login Page
2026-07-19 22:23:23 INFO  LoginPage - Entering username
2026-07-19 22:23:23 INFO  LoginPage - Entering password
2026-07-19 22:23:23 INFO  LoginPage - Clicking Login button
2026-07-19 22:23:23 INFO  LoginPage - Login request submitted
2026-07-19 22:23:26 INFO  LoginPage - Opening Login Page
2026-07-19 22:23:27 INFO  LoginPage - Entering username
2026-07-19 22:23:27 INFO  LoginPage - Entering password
2026-07-19 22:23:27 INFO  LoginPage - Clicking Login button
2026-07-19 22:23:27 INFO  LoginPage - Login request submitted
2026-07-19 22:23:30 INFO  LoginPage - Opening Login Page
2026-07-19 22:23:31 INFO  LoginPage - Entering username
2026-07-19 22:23:31 INFO  LoginPage - Entering password
2026-07-19 22:23:31 INFO  LoginPage - Clicking Login button
2026-07-19 22:23:31 INFO  LoginPage - Login request submitted
2026-07-19 22:23:34 INFO  LoginPage - Opening Login Page
2026-07-19 22:23:34 INFO  LoginPage - Entering username
2026-07-19 22:23:35 INFO  LoginPage - Entering password
2026-07-19 22:23:35 INFO  LoginPage - Clicking Login button
2026-07-19 22:23:35 INFO  LoginPage - Login request submitted
2026-07-19 22:23:37 INFO  LoginPage - Opening Login Page
2026-07-19 22:23:38 INFO  LoginPage - Entering username
2026-07-19 22:23:38 INFO  LoginPage - Entering password
2026-07-19 22:23:38 INFO  LoginPage - Clicking Login button
2026-07-19 22:23:38 INFO  LoginPage - Login request submitted
2026-07-19 22:23:41 INFO  LoginPage - Opening Login Page
2026-07-19 22:23:41 INFO  LoginPage - Entering username
2026-07-19 22:23:41 INFO  LoginPage - Entering password
2026-07-19 22:23:41 INFO  LoginPage - Clicking Login button
2026-07-19 22:23:42 INFO  LoginPage - Login request submitted
2026-07-19 22:27:06 INFO  LoginPage - Opening Login Page
2026-07-19 22:27:07 INFO  LoginPage - Entering username
2026-07-19 22:27:07 INFO  LoginPage - Entering password
2026-07-19 22:27:07 INFO  LoginPage - Clicking Login button
2026-07-19 22:27:07 INFO  LoginPage - Login request submitted
2026-07-19 22:27:11 INFO  LoginPage - Opening Login Page
2026-07-19 22:27:11 INFO  LoginPage - Entering username
2026-07-19 22:27:11 INFO  LoginPage - Entering password
2026-07-19 22:27:11 INFO  LoginPage - Clicking Login button
2026-07-19 22:27:12 INFO  LoginPage - Login request submitted
2026-07-19 22:27:15 INFO  LoginPage - Opening Login Page
2026-07-19 22:27:16 INFO  LoginPage - Entering username
2026-07-19 22:27:16 INFO  LoginPage - Entering password
2026-07-19 22:27:16 INFO  LoginPage - Clicking Login button
2026-07-19 22:27:16 INFO  LoginPage - Login request submitted
2026-07-19 22:27:19 INFO  LoginPage - Opening Login Page
2026-07-19 22:27:19 INFO  LoginPage - Entering username
2026-07-19 22:27:20 INFO  LoginPage - Entering password
2026-07-19 22:27:20 INFO  LoginPage - Clicking Login button
2026-07-19 22:27:20 INFO  LoginPage - Login request submitted
2026-07-19 22:27:23 INFO  LoginPage - Opening Login Page
2026-07-19 22:27:23 INFO  LoginPage - Entering username
2026-07-19 22:27:23 INFO  LoginPage - Entering password
2026-07-19 22:27:24 INFO  LoginPage - Clicking Login button
2026-07-19 22:27:24 INFO  LoginPage - Login request submitted
2026-07-19 22:27:34 INFO  LoginPage - Opening Login Page
2026-07-19 22:27:34 INFO  LoginPage - Entering username
2026-07-19 22:27:35 INFO  LoginPage - Entering password
2026-07-19 22:27:35 INFO  LoginPage - Clicking Login button
2026-07-19 22:27:35 INFO  LoginPage - Login request submitted
2026-07-19 22:27:38 INFO  LoginPage - Opening Login Page
2026-07-19 22:27:39 INFO  LoginPage - Entering username
2026-07-19 22:27:39 INFO  LoginPage - Entering password
2026-07-19 22:27:39 INFO  LoginPage - Clicking Login button
2026-07-19 22:27:39 INFO  LoginPage - Login request submitted
2026-07-19 22:27:42 INFO  LoginPage - Opening Login Page
2026-07-19 22:27:42 INFO  LoginPage - Entering username
2026-07-19 22:27:42 INFO  LoginPage - Entering password
2026-07-19 22:27:42 INFO  LoginPage - Clicking Login button
2026-07-19 22:27:43 INFO  LoginPage - Login request submitted
2026-07-19 22:27:46 INFO  LoginPage - Opening Login Page
2026-07-19 22:27:51 INFO  LoginPage - Entering username
2026-07-19 22:27:51 INFO  LoginPage - Entering password
2026-07-19 22:27:52 INFO  LoginPage - Clicking Login button
2026-07-19 22:27:52 INFO  LoginPage - Login request submitted
2026-07-19 22:27:54 INFO  LoginPage - Opening Login Page
2026-07-19 22:27:55 INFO  LoginPage - Entering username
2026-07-19 22:27:55 INFO  LoginPage - Entering password
2026-07-19 22:27:55 INFO  LoginPage - Clicking Login button
2026-07-19 22:27:55 INFO  LoginPage - Login request submitted
2026-07-19 22:27:58 INFO  LoginPage - Opening Login Page
2026-07-19 22:27:58 INFO  LoginPage - Entering username
2026-07-19 22:27:58 INFO  LoginPage - Entering password
2026-07-19 22:27:58 INFO  LoginPage - Clicking Login button
2026-07-19 22:27:59 INFO  LoginPage - Login request submitted
2026-07-19 22:28:01 INFO  LoginPage - Opening Login Page
2026-07-19 22:28:02 INFO  LoginPage - Entering username
2026-07-19 22:28:02 INFO  LoginPage - Entering password
2026-07-19 22:28:02 INFO  LoginPage - Clicking Login button
2026-07-19 22:28:02 INFO  LoginPage - Login request submitted
2026-07-19 22:30:18 INFO  LoginPage - Opening Login Page
2026-07-19 22:30:19 INFO  LoginPage - Entering username
2026-07-19 22:30:19 INFO  LoginPage - Entering password
2026-07-19 22:30:19 INFO  LoginPage - Clicking Login button
2026-07-19 22:30:19 INFO  LoginPage - Login request submitted
2026-07-19 22:30:23 INFO  LoginPage - Opening Login Page
2026-07-19 22:30:24 INFO  LoginPage - Entering username
2026-07-19 22:30:24 INFO  LoginPage - Entering password
2026-07-19 22:30:24 INFO  LoginPage - Clicking Login button
2026-07-19 22:30:24 INFO  LoginPage - Login request submitted
2026-07-19 22:30:27 INFO  LoginPage - Opening Login Page
2026-07-19 22:30:28 INFO  LoginPage - Entering username
2026-07-19 22:30:28 INFO  LoginPage - Entering password
2026-07-19 22:30:28 INFO  LoginPage - Clicking Login button
2026-07-19 22:30:28 INFO  LoginPage - Login request submitted
2026-07-19 22:30:32 INFO  LoginPage - Opening Login Page
2026-07-19 22:30:32 INFO  LoginPage - Entering username
2026-07-19 22:30:32 INFO  LoginPage - Entering password
2026-07-19 22:30:32 INFO  LoginPage - Clicking Login button
2026-07-19 22:30:33 INFO  LoginPage - Login request submitted
2026-07-19 22:30:36 INFO  LoginPage - Opening Login Page
2026-07-19 22:30:41 INFO  LoginPage - Entering username
2026-07-19 22:30:41 INFO  LoginPage - Entering password
2026-07-19 22:30:41 INFO  LoginPage - Clicking Login button
2026-07-19 22:30:42 INFO  LoginPage - Login request submitted
2026-07-19 22:30:53 INFO  LoginPage - Opening Login Page
2026-07-19 22:30:54 INFO  LoginPage - Entering username
2026-07-19 22:30:54 INFO  LoginPage - Entering password
2026-07-19 22:30:54 INFO  LoginPage - Clicking Login button
2026-07-19 22:30:54 INFO  LoginPage - Login request submitted
2026-07-19 22:30:58 INFO  LoginPage - Opening Login Page
2026-07-19 22:30:58 INFO  LoginPage - Entering username
2026-07-19 22:30:59 INFO  LoginPage - Entering password
2026-07-19 22:30:59 INFO  LoginPage - Clicking Login button
2026-07-19 22:30:59 INFO  LoginPage - Login request submitted
2026-07-19 22:31:02 INFO  LoginPage - Opening Login Page
2026-07-19 22:31:02 INFO  LoginPage - Entering username
2026-07-19 22:31:03 INFO  LoginPage - Entering password
2026-07-19 22:31:03 INFO  LoginPage - Clicking Login button
2026-07-19 22:31:03 INFO  LoginPage - Login request submitted
2026-07-19 22:31:06 INFO  LoginPage - Opening Login Page
2026-07-19 22:31:07 INFO  LoginPage - Entering username
2026-07-19 22:31:07 INFO  LoginPage - Entering password
2026-07-19 22:31:07 INFO  LoginPage - Clicking Login button
2026-07-19 22:31:07 INFO  LoginPage - Login request submitted
2026-07-19 22:31:10 INFO  LoginPage - Opening Login Page
2026-07-19 22:31:11 INFO  LoginPage - Entering username
2026-07-19 22:31:11 INFO  LoginPage - Entering password
2026-07-19 22:31:11 INFO  LoginPage - Clicking Login button
2026-07-19 22:31:11 INFO  LoginPage - Login request submitted
2026-07-19 22:31:14 INFO  LoginPage - Opening Login Page
2026-07-19 22:31:15 INFO  LoginPage - Entering username
2026-07-19 22:31:15 INFO  LoginPage - Entering password
2026-07-19 22:31:15 INFO  LoginPage - Clicking Login button
2026-07-19 22:31:15 INFO  LoginPage - Login request submitted
2026-07-19 22:31:18 INFO  LoginPage - Opening Login Page
2026-07-19 22:31:18 INFO  LoginPage - Entering username
2026-07-19 22:31:19 INFO  LoginPage - Entering password
2026-07-19 22:31:19 INFO  LoginPage - Clicking Login button
2026-07-19 22:31:19 INFO  LoginPage - Login request submitted
2026-07-19 22:34:19 INFO  LoginPage - Opening Login Page
2026-07-19 22:34:19 INFO  LoginPage - Entering username
2026-07-19 22:34:19 INFO  LoginPage - Entering password
2026-07-19 22:34:19 INFO  LoginPage - Clicking Login button
2026-07-19 22:34:19 INFO  LoginPage - Login request submitted
2026-07-19 22:34:23 INFO  LoginPage - Opening Login Page
2026-07-19 22:34:27 INFO  LoginPage - Entering username
2026-07-19 22:34:28 INFO  LoginPage - Entering password
2026-07-19 22:34:28 INFO  LoginPage - Clicking Login button
2026-07-19 22:34:28 INFO  LoginPage - Login request submitted
2026-07-19 22:34:31 INFO  LoginPage - Opening Login Page
2026-07-19 22:34:31 INFO  LoginPage - Entering username
2026-07-19 22:34:31 INFO  LoginPage - Entering password
2026-07-19 22:34:31 INFO  LoginPage - Clicking Login button
2026-07-19 22:34:32 INFO  LoginPage - Login request submitted
2026-07-19 22:34:35 INFO  LoginPage - Opening Login Page
2026-07-19 22:34:35 INFO  LoginPage - Entering username
2026-07-19 22:34:35 INFO  LoginPage - Entering password
2026-07-19 22:34:35 INFO  LoginPage - Clicking Login button
2026-07-19 22:34:36 INFO  LoginPage - Login request submitted
2026-07-19 22:34:39 INFO  LoginPage - Opening Login Page
2026-07-19 22:34:48 INFO  LoginPage - Opening Login Page
2026-07-19 22:34:49 INFO  LoginPage - Entering username
2026-07-19 22:34:49 INFO  LoginPage - Entering password
2026-07-19 22:34:49 INFO  LoginPage - Clicking Login button
2026-07-19 22:34:49 INFO  LoginPage - Login request submitted
2026-07-19 22:34:52 INFO  LoginPage - Opening Login Page
2026-07-19 22:34:53 INFO  LoginPage - Entering username
2026-07-19 22:34:53 INFO  LoginPage - Entering password
2026-07-19 22:34:53 INFO  LoginPage - Clicking Login button
2026-07-19 22:34:53 INFO  LoginPage - Login request submitted
2026-07-19 22:34:56 INFO  LoginPage - Opening Login Page
2026-07-19 22:34:57 INFO  LoginPage - Entering username
2026-07-19 22:34:57 INFO  LoginPage - Entering password
2026-07-19 22:34:57 INFO  LoginPage - Clicking Login button
2026-07-19 22:34:57 INFO  LoginPage - Login request submitted
2026-07-19 22:35:00 INFO  LoginPage - Opening Login Page
2026-07-19 22:35:01 INFO  LoginPage - Entering username
2026-07-19 22:35:01 INFO  LoginPage - Entering password
2026-07-19 22:35:01 INFO  LoginPage - Clicking Login button
2026-07-19 22:35:01 INFO  LoginPage - Login request submitted
2026-07-19 22:35:04 INFO  LoginPage - Opening Login Page
2026-07-19 22:35:05 INFO  LoginPage - Entering username
2026-07-19 22:35:05 INFO  LoginPage - Entering password
2026-07-19 22:35:05 INFO  LoginPage - Clicking Login button
2026-07-19 22:35:05 INFO  LoginPage - Login request submitted
2026-07-19 22:35:08 INFO  LoginPage - Opening Login Page
2026-07-19 22:35:08 INFO  LoginPage - Entering username
2026-07-19 22:35:09 INFO  LoginPage - Entering password
2026-07-19 22:35:09 INFO  LoginPage - Clicking Login button
2026-07-19 22:35:09 INFO  LoginPage - Login request submitted
2026-07-19 22:35:12 INFO  LoginPage - Opening Login Page
2026-07-19 22:35:12 INFO  LoginPage - Entering username
2026-07-19 22:35:12 INFO  LoginPage - Entering password
2026-07-19 22:35:12 INFO  LoginPage - Clicking Login button
2026-07-19 22:35:12 INFO  LoginPage - Login request submitted
2026-07-19 22:40:38 INFO  LoginPage - Opening Login Page
2026-07-19 22:40:38 INFO  LoginPage - Entering username
2026-07-19 22:40:39 INFO  LoginPage - Entering password
2026-07-19 22:40:39 INFO  LoginPage - Clicking Login button
2026-07-19 22:40:39 INFO  LoginPage - Login request submitted
2026-07-19 22:40:42 INFO  LoginPage - Opening Login Page
2026-07-19 22:40:43 INFO  LoginPage - Entering username
2026-07-19 22:40:43 INFO  LoginPage - Entering password
2026-07-19 22:40:43 INFO  LoginPage - Clicking Login button
2026-07-19 22:40:43 INFO  LoginPage - Login request submitted
2026-07-19 22:40:46 INFO  LoginPage - Opening Login Page
2026-07-19 22:40:47 INFO  LoginPage - Entering username
2026-07-19 22:40:47 INFO  LoginPage - Entering password
2026-07-19 22:40:47 INFO  LoginPage - Clicking Login button
2026-07-19 22:40:47 INFO  LoginPage - Login request submitted
2026-07-19 22:40:50 INFO  LoginPage - Opening Login Page
2026-07-19 22:40:51 INFO  LoginPage - Entering username
2026-07-19 22:40:51 INFO  LoginPage - Entering password
2026-07-19 22:40:51 INFO  LoginPage - Clicking Login button
2026-07-19 22:40:51 INFO  LoginPage - Login request submitted
2026-07-19 22:40:54 INFO  LoginPage - Opening Login Page
2026-07-19 22:40:55 INFO  LoginPage - Entering username
2026-07-19 22:40:55 INFO  LoginPage - Entering password
2026-07-19 22:40:55 INFO  LoginPage - Clicking Login button
2026-07-19 22:40:55 INFO  LoginPage - Login request submitted
2026-07-19 22:41:06 INFO  LoginPage - Opening Login Page
2026-07-19 22:41:06 INFO  LoginPage - Entering username
2026-07-19 22:41:06 INFO  LoginPage - Entering password
2026-07-19 22:41:06 INFO  LoginPage - Clicking Login button
2026-07-19 22:41:06 INFO  LoginPage - Login request submitted
2026-07-19 22:41:09 INFO  LoginPage - Opening Login Page
2026-07-19 22:41:10 INFO  LoginPage - Entering username
2026-07-19 22:41:10 INFO  LoginPage - Entering password
2026-07-19 22:41:10 INFO  LoginPage - Clicking Login button
2026-07-19 22:41:10 INFO  LoginPage - Login request submitted
2026-07-19 22:41:13 INFO  LoginPage - Opening Login Page
2026-07-19 22:41:14 INFO  LoginPage - Entering username
2026-07-19 22:41:14 INFO  LoginPage - Entering password
2026-07-19 22:41:14 INFO  LoginPage - Clicking Login button
2026-07-19 22:41:14 INFO  LoginPage - Login request submitted
2026-07-19 22:41:17 INFO  LoginPage - Opening Login Page
2026-07-19 22:41:18 INFO  LoginPage - Entering username
2026-07-19 22:41:18 INFO  LoginPage - Entering password
2026-07-19 22:41:18 INFO  LoginPage - Clicking Login button
2026-07-19 22:41:18 INFO  LoginPage - Login request submitted
2026-07-19 22:41:21 INFO  LoginPage - Opening Login Page
2026-07-19 22:41:21 INFO  LoginPage - Entering username
2026-07-19 22:41:21 INFO  LoginPage - Entering password
2026-07-19 22:41:21 INFO  LoginPage - Clicking Login button
2026-07-19 22:41:21 INFO  LoginPage - Login request submitted
2026-07-19 22:41:24 INFO  LoginPage - Opening Login Page
2026-07-19 22:41:24 INFO  LoginPage - Entering username
2026-07-19 22:41:24 INFO  LoginPage - Entering password
2026-07-19 22:41:25 INFO  LoginPage - Clicking Login button
2026-07-19 22:41:25 INFO  LoginPage - Login request submitted
2026-07-19 22:41:28 INFO  LoginPage - Opening Login Page
2026-07-19 22:41:28 INFO  LoginPage - Entering username
2026-07-19 22:41:28 INFO  LoginPage - Entering password
2026-07-19 22:41:28 INFO  LoginPage - Clicking Login button
2026-07-19 22:41:29 INFO  LoginPage - Login request submitted
2026-08-08 15:24:11 INFO  LoginPage - Opening Login Page
2026-08-08 15:24:11 INFO  LoginPage - Entering username
2026-08-08 15:24:11 INFO  LoginPage - Entering password
2026-08-08 15:24:11 INFO  LoginPage - Clicking Login button
2026-08-08 15:24:11 INFO  LoginPage - Login request submitted
2026-08-08 15:24:14 INFO  LoginPage - Opening Login Page
2026-08-08 15:24:14 INFO  LoginPage - Entering username
2026-08-08 15:24:14 INFO  LoginPage - Entering password
2026-08-08 15:24:14 INFO  LoginPage - Clicking Login button
2026-08-08 15:24:15 INFO  LoginPage - Login request submitted
2026-08-08 15:24:17 INFO  LoginPage - Opening Login Page
2026-08-08 15:24:17 INFO  LoginPage - Entering username
2026-08-08 15:24:17 INFO  LoginPage - Entering password
2026-08-08 15:24:17 INFO  LoginPage - Clicking Login button
2026-08-08 15:24:18 INFO  LoginPage - Login request submitted
2026-08-08 15:24:20 INFO  LoginPage - Opening Login Page
2026-08-08 15:24:21 INFO  LoginPage - Entering username
2026-08-08 15:24:21 INFO  LoginPage - Entering password
2026-08-08 15:24:21 INFO  LoginPage - Clicking Login button
2026-08-08 15:24:21 INFO  LoginPage - Login request submitted
2026-08-08 15:24:24 INFO  LoginPage - Opening Login Page
2026-08-08 15:24:24 INFO  LoginPage - Entering username
2026-08-08 15:24:24 INFO  LoginPage - Entering password
2026-08-08 15:24:24 INFO  LoginPage - Clicking Login button
2026-08-08 15:24:24 INFO  LoginPage - Login request submitted
2026-08-08 15:24:33 INFO  LoginPage - Opening Login Page
2026-08-08 15:24:33 INFO  LoginPage - Entering username
2026-08-08 15:24:33 INFO  LoginPage - Entering password
2026-08-08 15:24:33 INFO  LoginPage - Clicking Login button
2026-08-08 15:24:33 INFO  LoginPage - Login request submitted
2026-08-08 15:24:36 INFO  LoginPage - Opening Login Page
2026-08-08 15:24:36 INFO  LoginPage - Entering username
2026-08-08 15:24:36 INFO  LoginPage - Entering password
2026-08-08 15:24:36 INFO  LoginPage - Clicking Login button
2026-08-08 15:24:36 INFO  LoginPage - Login request submitted
2026-08-08 15:24:39 INFO  LoginPage - Opening Login Page
2026-08-08 15:24:39 INFO  LoginPage - Entering username
2026-08-08 15:24:39 INFO  LoginPage - Entering password
2026-08-08 15:24:39 INFO  LoginPage - Clicking Login button
2026-08-08 15:24:39 INFO  LoginPage - Login request submitted
2026-08-08 15:24:43 INFO  LoginPage - Opening Login Page
2026-08-08 15:24:43 INFO  LoginPage - Entering username
2026-08-08 15:24:43 INFO  LoginPage - Entering password
2026-08-08 15:24:43 INFO  LoginPage - Clicking Login button
2026-08-08 15:24:43 INFO  LoginPage - Login request submitted
2026-08-08 15:24:45 INFO  LoginPage - Opening Login Page
2026-08-08 15:24:45 INFO  LoginPage - Entering username
2026-08-08 15:24:46 INFO  LoginPage - Entering password
2026-08-08 15:24:46 INFO  LoginPage - Clicking Login button
2026-08-08 15:24:46 INFO  LoginPage - Login request submitted
2026-08-08 15:24:48 INFO  LoginPage - Opening Login Page
2026-08-08 15:24:48 INFO  LoginPage - Entering username
2026-08-08 15:24:48 INFO  LoginPage - Entering password
2026-08-08 15:24:48 INFO  LoginPage - Clicking Login button
2026-08-08 15:24:48 INFO  LoginPage - Login request submitted
2026-08-08 15:24:50 INFO  LoginPage - Opening Login Page
2026-08-08 15:24:51 INFO  LoginPage - Entering username
2026-08-08 15:24:51 INFO  LoginPage - Entering password
2026-08-08 15:24:51 INFO  LoginPage - Clicking Login button
2026-08-08 15:24:51 INFO  LoginPage - Login request submitted
2026-08-08 15:35:41 INFO  LoginPage - Opening Login Page
2026-08-08 15:35:42 INFO  LoginPage - Entering username
2026-08-08 15:35:42 INFO  LoginPage - Entering password
2026-08-08 15:35:42 INFO  LoginPage - Clicking Login button
2026-08-08 15:35:42 INFO  LoginPage - Login request submitted
2026-08-08 15:35:44 INFO  LoginPage - Opening Login Page
2026-08-08 15:35:44 INFO  LoginPage - Entering username
2026-08-08 15:35:45 INFO  LoginPage - Entering password
2026-08-08 15:35:45 INFO  LoginPage - Clicking Login button
2026-08-08 15:35:45 INFO  LoginPage - Login request submitted
2026-08-08 15:35:47 INFO  LoginPage - Opening Login Page
2026-08-08 15:35:47 INFO  LoginPage - Entering username
2026-08-08 15:35:47 INFO  LoginPage - Entering password
2026-08-08 15:35:48 INFO  LoginPage - Clicking Login button
2026-08-08 15:35:48 INFO  LoginPage - Login request submitted
2026-08-08 15:35:50 INFO  LoginPage - Opening Login Page
2026-08-08 15:35:50 INFO  LoginPage - Entering username
2026-08-08 15:35:50 INFO  LoginPage - Entering password
2026-08-08 15:35:50 INFO  LoginPage - Clicking Login button
2026-08-08 15:35:51 INFO  LoginPage - Login request submitted
2026-08-08 15:35:53 INFO  LoginPage - Opening Login Page
2026-08-08 15:35:53 INFO  LoginPage - Entering username
2026-08-08 15:35:53 INFO  LoginPage - Entering password
2026-08-08 15:35:53 INFO  LoginPage - Clicking Login button
2026-08-08 15:35:53 INFO  LoginPage - Login request submitted
2026-08-08 15:36:02 INFO  LoginPage - Opening Login Page
2026-08-08 15:36:02 INFO  LoginPage - Entering username
2026-08-08 15:36:02 INFO  LoginPage - Entering password
2026-08-08 15:36:02 INFO  LoginPage - Clicking Login button
2026-08-08 15:36:02 INFO  LoginPage - Login request submitted
2026-08-08 15:36:05 INFO  LoginPage - Opening Login Page
2026-08-08 15:36:05 INFO  LoginPage - Entering username
2026-08-08 15:36:05 INFO  LoginPage - Entering password
2026-08-08 15:36:05 INFO  LoginPage - Clicking Login button
2026-08-08 15:36:05 INFO  LoginPage - Login request submitted
2026-08-08 15:36:07 INFO  LoginPage - Opening Login Page
2026-08-08 15:36:08 INFO  LoginPage - Entering username
2026-08-08 15:36:08 INFO  LoginPage - Entering password
2026-08-08 15:36:08 INFO  LoginPage - Clicking Login button
2026-08-08 15:36:08 INFO  LoginPage - Login request submitted
2026-08-08 15:36:11 INFO  LoginPage - Opening Login Page
2026-08-08 15:36:11 INFO  LoginPage - Entering username
2026-08-08 15:36:11 INFO  LoginPage - Entering password
2026-08-08 15:36:11 INFO  LoginPage - Clicking Login button
2026-08-08 15:36:11 INFO  LoginPage - Login request submitted
2026-08-08 15:36:13 INFO  LoginPage - Opening Login Page
2026-08-08 15:36:14 INFO  LoginPage - Entering username
2026-08-08 15:36:14 INFO  LoginPage - Entering password
2026-08-08 15:36:14 INFO  LoginPage - Clicking Login button
2026-08-08 15:36:14 INFO  LoginPage - Login request submitted
2026-08-08 15:36:16 INFO  LoginPage - Opening Login Page
2026-08-08 15:36:21 INFO  LoginPage - Entering username
2026-08-08 15:36:21 INFO  LoginPage - Entering password
2026-08-08 15:36:21 INFO  LoginPage - Clicking Login button
2026-08-08 15:36:21 INFO  LoginPage - Login request submitted
2026-08-08 15:36:23 INFO  LoginPage - Opening Login Page
2026-08-08 15:36:24 INFO  LoginPage - Entering username
2026-08-08 15:36:24 INFO  LoginPage - Entering password
2026-08-08 15:36:24 INFO  LoginPage - Clicking Login button
2026-08-08 15:36:24 INFO  LoginPage - Login request submitted
2026-08-08 15:42:06 INFO  LoginPage - Opening Login Page
2026-08-08 15:42:06 INFO  LoginPage - Entering username
2026-08-08 15:42:06 INFO  LoginPage - Entering password
2026-08-08 15:42:06 INFO  LoginPage - Clicking Login button
2026-08-08 15:42:06 INFO  LoginPage - Login request submitted
2026-08-08 15:42:09 INFO  LoginPage - Opening Login Page
2026-08-08 15:42:09 INFO  LoginPage - Entering username
2026-08-08 15:42:09 INFO  LoginPage - Entering password
2026-08-08 15:42:09 INFO  LoginPage - Clicking Login button
2026-08-08 15:42:09 INFO  LoginPage - Login request submitted
2026-08-08 15:42:12 INFO  LoginPage - Opening Login Page
2026-08-08 15:42:12 INFO  LoginPage - Entering username
2026-08-08 15:42:12 INFO  LoginPage - Entering password
2026-08-08 15:42:12 INFO  LoginPage - Clicking Login button
2026-08-08 15:42:12 INFO  LoginPage - Login request submitted
2026-08-08 15:42:15 INFO  LoginPage - Opening Login Page
2026-08-08 15:42:15 INFO  LoginPage - Entering username
2026-08-08 15:42:15 INFO  LoginPage - Entering password
2026-08-08 15:42:15 INFO  LoginPage - Clicking Login button
2026-08-08 15:42:15 INFO  LoginPage - Login request submitted
2026-08-08 15:42:17 INFO  LoginPage - Opening Login Page
2026-08-08 15:42:18 INFO  LoginPage - Entering username
2026-08-08 15:42:18 INFO  LoginPage - Entering password
2026-08-08 15:42:18 INFO  LoginPage - Clicking Login button
2026-08-08 15:42:18 INFO  LoginPage - Login request submitted
2026-08-08 15:42:32 INFO  LoginPage - Opening Login Page
2026-08-08 15:42:32 INFO  LoginPage - Entering username
2026-08-08 15:42:32 INFO  LoginPage - Entering password
2026-08-08 15:42:32 INFO  LoginPage - Clicking Login button
2026-08-08 15:42:32 INFO  LoginPage - Login request submitted
2026-08-08 15:42:34 INFO  LoginPage - Opening Login Page
2026-08-08 15:42:35 INFO  LoginPage - Entering username
2026-08-08 15:42:35 INFO  LoginPage - Entering password
2026-08-08 15:42:35 INFO  LoginPage - Clicking Login button
2026-08-08 15:42:35 INFO  LoginPage - Login request submitted
2026-08-08 15:42:37 INFO  LoginPage - Opening Login Page
2026-08-08 15:42:37 INFO  LoginPage - Entering username
2026-08-08 15:42:37 INFO  LoginPage - Entering password
2026-08-08 15:42:38 INFO  LoginPage - Clicking Login button
2026-08-08 15:42:38 INFO  LoginPage - Login request submitted
2026-08-08 15:42:41 INFO  LoginPage - Opening Login Page
2026-08-08 15:42:41 INFO  LoginPage - Entering username
2026-08-08 15:42:41 INFO  LoginPage - Entering password
2026-08-08 15:42:41 INFO  LoginPage - Clicking Login button
2026-08-08 15:42:41 INFO  LoginPage - Login request submitted
2026-08-08 15:42:43 INFO  LoginPage - Opening Login Page
2026-08-08 15:42:43 INFO  LoginPage - Entering username
2026-08-08 15:42:44 INFO  LoginPage - Entering password
2026-08-08 15:42:44 INFO  LoginPage - Clicking Login button
2026-08-08 15:42:44 INFO  LoginPage - Login request submitted
2026-08-08 15:42:46 INFO  LoginPage - Opening Login Page
2026-08-08 15:42:46 INFO  LoginPage - Entering username
2026-08-08 15:42:46 INFO  LoginPage - Entering password
2026-08-08 15:42:46 INFO  LoginPage - Clicking Login button
2026-08-08 15:42:46 INFO  LoginPage - Login request submitted
2026-08-08 15:42:48 INFO  LoginPage - Opening Login Page
2026-08-08 15:42:49 INFO  LoginPage - Entering username
2026-08-08 15:42:49 INFO  LoginPage - Entering password
2026-08-08 15:42:49 INFO  LoginPage - Clicking Login button
2026-08-08 15:42:49 INFO  LoginPage - Login request submitted
2026-08-08 15:47:41 INFO  LoginPage - Opening Login Page
2026-08-08 15:47:42 INFO  LoginPage - Entering username
2026-08-08 15:47:42 INFO  LoginPage - Entering password
2026-08-08 15:47:42 INFO  LoginPage - Clicking Login button
2026-08-08 15:47:42 INFO  LoginPage - Login request submitted
2026-08-08 15:47:44 INFO  LoginPage - Opening Login Page
2026-08-08 15:47:45 INFO  LoginPage - Entering username
2026-08-08 15:47:45 INFO  LoginPage - Entering password
2026-08-08 15:47:45 INFO  LoginPage - Clicking Login button
2026-08-08 15:47:45 INFO  LoginPage - Login request submitted
2026-08-08 15:47:47 INFO  LoginPage - Opening Login Page
2026-08-08 15:47:47 INFO  LoginPage - Entering username
2026-08-08 15:47:48 INFO  LoginPage - Entering password
2026-08-08 15:47:48 INFO  LoginPage - Clicking Login button
2026-08-08 15:47:48 INFO  LoginPage - Login request submitted
2026-08-08 15:47:50 INFO  LoginPage - Opening Login Page
2026-08-08 15:47:50 INFO  LoginPage - Entering username
2026-08-08 15:47:50 INFO  LoginPage - Entering password
2026-08-08 15:47:51 INFO  LoginPage - Clicking Login button
2026-08-08 15:47:51 INFO  LoginPage - Login request submitted
2026-08-08 15:47:53 INFO  LoginPage - Opening Login Page
2026-08-08 15:47:53 INFO  LoginPage - Entering username
2026-08-08 15:47:53 INFO  LoginPage - Entering password
2026-08-08 15:47:53 INFO  LoginPage - Clicking Login button
2026-08-08 15:47:54 INFO  LoginPage - Login request submitted
2026-08-08 15:48:02 INFO  LoginPage - Opening Login Page
2026-08-08 15:48:02 INFO  LoginPage - Entering username
2026-08-08 15:48:02 INFO  LoginPage - Entering password
2026-08-08 15:48:02 INFO  LoginPage - Clicking Login button
2026-08-08 15:48:03 INFO  LoginPage - Login request submitted
2026-08-08 15:48:05 INFO  LoginPage - Opening Login Page
2026-08-08 15:48:05 INFO  LoginPage - Entering username
2026-08-08 15:48:05 INFO  LoginPage - Entering password
2026-08-08 15:48:05 INFO  LoginPage - Clicking Login button
2026-08-08 15:48:05 INFO  LoginPage - Login request submitted
2026-08-08 15:48:07 INFO  LoginPage - Opening Login Page
2026-08-08 15:48:08 INFO  LoginPage - Entering username
2026-08-08 15:48:08 INFO  LoginPage - Entering password
2026-08-08 15:48:08 INFO  LoginPage - Clicking Login button
2026-08-08 15:48:08 INFO  LoginPage - Login request submitted
2026-08-08 15:48:11 INFO  LoginPage - Opening Login Page
2026-08-08 15:48:11 INFO  LoginPage - Entering username
2026-08-08 15:48:11 INFO  LoginPage - Entering password
2026-08-08 15:48:11 INFO  LoginPage - Clicking Login button
2026-08-08 15:48:11 INFO  LoginPage - Login request submitted
2026-08-08 15:48:13 INFO  LoginPage - Opening Login Page
2026-08-08 15:48:13 INFO  LoginPage - Entering username
2026-08-08 15:48:14 INFO  LoginPage - Entering password
2026-08-08 15:48:14 INFO  LoginPage - Clicking Login button
2026-08-08 15:48:14 INFO  LoginPage - Login request submitted
2026-08-08 15:48:16 INFO  LoginPage - Opening Login Page
2026-08-08 15:48:16 INFO  LoginPage - Entering username
2026-08-08 15:48:16 INFO  LoginPage - Entering password
2026-08-08 15:48:16 INFO  LoginPage - Clicking Login button
2026-08-08 15:48:16 INFO  LoginPage - Login request submitted
2026-08-08 15:48:18 INFO  LoginPage - Opening Login Page
2026-08-08 15:48:19 INFO  LoginPage - Entering username
2026-08-08 15:48:19 INFO  LoginPage - Entering password
2026-08-08 15:48:19 INFO  LoginPage - Clicking Login button
2026-08-08 15:48:19 INFO  LoginPage - Login request submitted
2026-08-08 15:50:51 INFO  LoginPage - Opening Login Page
2026-08-08 15:50:51 INFO  LoginPage - Entering username
2026-08-08 15:50:51 INFO  LoginPage - Entering password
2026-08-08 15:50:51 INFO  LoginPage - Clicking Login button
2026-08-08 15:50:51 INFO  LoginPage - Login request submitted
2026-08-08 15:50:54 INFO  LoginPage - Opening Login Page
2026-08-08 15:50:54 INFO  LoginPage - Entering username
2026-08-08 15:50:54 INFO  LoginPage - Entering password
2026-08-08 15:50:54 INFO  LoginPage - Clicking Login button
2026-08-08 15:50:54 INFO  LoginPage - Login request submitted
2026-08-08 15:50:57 INFO  LoginPage - Opening Login Page
2026-08-08 15:50:57 INFO  LoginPage - Entering username
2026-08-08 15:50:57 INFO  LoginPage - Entering password
2026-08-08 15:50:57 INFO  LoginPage - Clicking Login button
2026-08-08 15:50:57 INFO  LoginPage - Login request submitted
2026-08-08 15:50:59 INFO  LoginPage - Opening Login Page
2026-08-08 15:50:59 INFO  LoginPage - Entering username
2026-08-08 15:51:00 INFO  LoginPage - Entering password
2026-08-08 15:51:00 INFO  LoginPage - Clicking Login button
2026-08-08 15:51:00 INFO  LoginPage - Login request submitted
2026-08-08 15:51:02 INFO  LoginPage - Opening Login Page
2026-08-08 15:51:02 INFO  LoginPage - Entering username
2026-08-08 15:51:02 INFO  LoginPage - Entering password
2026-08-08 15:51:02 INFO  LoginPage - Clicking Login button
2026-08-08 15:51:02 INFO  LoginPage - Login request submitted
2026-08-08 15:51:10 INFO  LoginPage - Opening Login Page
2026-08-08 15:51:11 INFO  LoginPage - Entering username
2026-08-08 15:51:11 INFO  LoginPage - Entering password
2026-08-08 15:51:11 INFO  LoginPage - Clicking Login button
2026-08-08 15:51:11 INFO  LoginPage - Login request submitted
2026-08-08 15:51:13 INFO  LoginPage - Opening Login Page
2026-08-08 15:51:14 INFO  LoginPage - Entering username
2026-08-08 15:51:14 INFO  LoginPage - Entering password
2026-08-08 15:51:14 INFO  LoginPage - Clicking Login button
2026-08-08 15:51:14 INFO  LoginPage - Login request submitted
2026-08-08 15:51:16 INFO  LoginPage - Opening Login Page
2026-08-08 15:51:16 INFO  LoginPage - Entering username
2026-08-08 15:51:16 INFO  LoginPage - Entering password
2026-08-08 15:51:16 INFO  LoginPage - Clicking Login button
2026-08-08 15:51:17 INFO  LoginPage - Login request submitted
2026-08-08 15:51:19 INFO  LoginPage - Opening Login Page
2026-08-08 15:51:20 INFO  LoginPage - Entering username
2026-08-08 15:51:20 INFO  LoginPage - Entering password
2026-08-08 15:51:20 INFO  LoginPage - Clicking Login button
2026-08-08 15:51:20 INFO  LoginPage - Login request submitted
2026-08-08 15:51:22 INFO  LoginPage - Opening Login Page
2026-08-08 15:51:22 INFO  LoginPage - Entering username
2026-08-08 15:51:22 INFO  LoginPage - Entering password
2026-08-08 15:51:22 INFO  LoginPage - Clicking Login button
2026-08-08 15:51:22 INFO  LoginPage - Login request submitted
2026-08-08 15:51:24 INFO  LoginPage - Opening Login Page
2026-08-08 15:51:25 INFO  LoginPage - Entering username
2026-08-08 15:51:25 INFO  LoginPage - Entering password
2026-08-08 15:51:25 INFO  LoginPage - Clicking Login button
2026-08-08 15:51:25 INFO  LoginPage - Login request submitted
2026-08-08 15:51:27 INFO  LoginPage - Opening Login Page
2026-08-08 15:51:27 INFO  LoginPage - Entering username
2026-08-08 15:51:27 INFO  LoginPage - Entering password
2026-08-08 15:51:27 INFO  LoginPage - Clicking Login button
2026-08-08 15:51:27 INFO  LoginPage - Login request submitted
2026-08-08 15:56:18 INFO  LoginPage - Opening Login Page
2026-08-08 15:56:18 INFO  LoginPage - Entering username
2026-08-08 15:56:18 INFO  LoginPage - Entering password
2026-08-08 15:56:18 INFO  LoginPage - Clicking Login button
2026-08-08 15:56:18 INFO  LoginPage - Login request submitted
2026-08-08 15:56:20 INFO  LoginPage - Opening Login Page
2026-08-08 15:56:21 INFO  LoginPage - Entering username
2026-08-08 15:56:21 INFO  LoginPage - Entering password
2026-08-08 15:56:21 INFO  LoginPage - Clicking Login button
2026-08-08 15:56:21 INFO  LoginPage - Login request submitted
2026-08-08 15:56:23 INFO  LoginPage - Opening Login Page
2026-08-08 15:56:23 INFO  LoginPage - Entering username
2026-08-08 15:56:24 INFO  LoginPage - Entering password
2026-08-08 15:56:24 INFO  LoginPage - Clicking Login button
2026-08-08 15:56:24 INFO  LoginPage - Login request submitted
2026-08-08 15:56:26 INFO  LoginPage - Opening Login Page
2026-08-08 15:56:26 INFO  LoginPage - Entering username
2026-08-08 15:56:26 INFO  LoginPage - Entering password
2026-08-08 15:56:26 INFO  LoginPage - Clicking Login button
2026-08-08 15:56:26 INFO  LoginPage - Login request submitted
2026-08-08 15:56:29 INFO  LoginPage - Opening Login Page
2026-08-08 15:56:29 INFO  LoginPage - Entering username
2026-08-08 15:56:29 INFO  LoginPage - Entering password
2026-08-08 15:56:29 INFO  LoginPage - Clicking Login button
2026-08-08 15:56:29 INFO  LoginPage - Login request submitted
2026-08-08 15:56:38 INFO  LoginPage - Opening Login Page
2026-08-08 15:56:38 INFO  LoginPage - Entering username
2026-08-08 15:56:38 INFO  LoginPage - Entering password
2026-08-08 15:56:38 INFO  LoginPage - Clicking Login button
2026-08-08 15:56:38 INFO  LoginPage - Login request submitted
2026-08-08 15:56:41 INFO  LoginPage - Opening Login Page
2026-08-08 15:56:41 INFO  LoginPage - Entering username
2026-08-08 15:56:41 INFO  LoginPage - Entering password
2026-08-08 15:56:41 INFO  LoginPage - Clicking Login button
2026-08-08 15:56:41 INFO  LoginPage - Login request submitted
2026-08-08 15:56:43 INFO  LoginPage - Opening Login Page
2026-08-08 15:56:43 INFO  LoginPage - Entering username
2026-08-08 15:56:44 INFO  LoginPage - Entering password
2026-08-08 15:56:44 INFO  LoginPage - Clicking Login button
2026-08-08 15:56:44 INFO  LoginPage - Login request submitted
2026-08-08 15:56:47 INFO  LoginPage - Opening Login Page
2026-08-08 15:56:47 INFO  LoginPage - Entering username
2026-08-08 15:56:47 INFO  LoginPage - Entering password
2026-08-08 15:56:47 INFO  LoginPage - Clicking Login button
2026-08-08 15:56:47 INFO  LoginPage - Login request submitted
2026-08-08 15:56:49 INFO  LoginPage - Opening Login Page
2026-08-08 15:56:54 INFO  LoginPage - Entering username
2026-08-08 15:56:54 INFO  LoginPage - Entering password
2026-08-08 15:56:54 INFO  LoginPage - Clicking Login button
2026-08-08 15:56:54 INFO  LoginPage - Login request submitted
2026-08-08 15:56:56 INFO  LoginPage - Opening Login Page
2026-08-08 15:56:56 INFO  LoginPage - Entering username
2026-08-08 15:56:57 INFO  LoginPage - Entering password
2026-08-08 15:56:57 INFO  LoginPage - Clicking Login button
2026-08-08 15:56:57 INFO  LoginPage - Login request submitted
2026-08-08 15:56:59 INFO  LoginPage - Opening Login Page
2026-08-08 15:56:59 INFO  LoginPage - Entering username
2026-08-08 15:56:59 INFO  LoginPage - Entering password
2026-08-08 15:56:59 INFO  LoginPage - Clicking Login button
2026-08-08 15:56:59 INFO  LoginPage - Login request submitted
2026-08-08 16:03:16 INFO  LoginPage - Opening Login Page
2026-08-08 16:03:17 INFO  LoginPage - Entering username
2026-08-08 16:03:17 INFO  LoginPage - Entering password
2026-08-08 16:03:17 INFO  LoginPage - Clicking Login button
2026-08-08 16:03:17 INFO  LoginPage - Login request submitted
2026-08-08 16:03:19 INFO  LoginPage - Opening Login Page
2026-08-08 16:03:19 INFO  LoginPage - Entering username
2026-08-08 16:03:20 INFO  LoginPage - Entering password
2026-08-08 16:03:20 INFO  LoginPage - Clicking Login button
2026-08-08 16:03:20 INFO  LoginPage - Login request submitted
2026-08-08 16:03:22 INFO  LoginPage - Opening Login Page
2026-08-08 16:03:22 INFO  LoginPage - Entering username
2026-08-08 16:03:22 INFO  LoginPage - Entering password
2026-08-08 16:03:23 INFO  LoginPage - Clicking Login button
2026-08-08 16:03:23 INFO  LoginPage - Login request submitted
2026-08-08 16:03:25 INFO  LoginPage - Opening Login Page
2026-08-08 16:03:25 INFO  LoginPage - Entering username
2026-08-08 16:03:25 INFO  LoginPage - Entering password
2026-08-08 16:03:25 INFO  LoginPage - Clicking Login button
2026-08-08 16:03:26 INFO  LoginPage - Login request submitted
2026-08-08 16:03:28 INFO  LoginPage - Opening Login Page
2026-08-08 16:03:28 INFO  LoginPage - Entering username
2026-08-08 16:03:28 INFO  LoginPage - Entering password
2026-08-08 16:03:28 INFO  LoginPage - Clicking Login button
2026-08-08 16:03:28 INFO  LoginPage - Login request submitted
2026-08-08 16:03:37 INFO  LoginPage - Opening Login Page
2026-08-08 16:03:43 INFO  LoginPage - Entering username
2026-08-08 16:03:43 INFO  LoginPage - Entering password
2026-08-08 16:03:43 INFO  LoginPage - Clicking Login button
2026-08-08 16:03:43 INFO  LoginPage - Login request submitted
2026-08-08 16:03:45 INFO  LoginPage - Opening Login Page
2026-08-08 16:03:45 INFO  LoginPage - Entering username
2026-08-08 16:03:46 INFO  LoginPage - Entering password
2026-08-08 16:03:46 INFO  LoginPage - Clicking Login button
2026-08-08 16:03:46 INFO  LoginPage - Login request submitted
2026-08-08 16:03:48 INFO  LoginPage - Opening Login Page
2026-08-08 16:03:48 INFO  LoginPage - Entering username
2026-08-08 16:03:48 INFO  LoginPage - Entering password
2026-08-08 16:03:48 INFO  LoginPage - Clicking Login button
2026-08-08 16:03:49 INFO  LoginPage - Login request submitted
2026-08-08 16:03:51 INFO  LoginPage - Opening Login Page
2026-08-08 16:03:52 INFO  LoginPage - Entering username
2026-08-08 16:03:52 INFO  LoginPage - Entering password
2026-08-08 16:03:52 INFO  LoginPage - Clicking Login button
2026-08-08 16:03:52 INFO  LoginPage - Login request submitted
2026-08-08 16:03:54 INFO  LoginPage - Opening Login Page
2026-08-08 16:03:54 INFO  LoginPage - Entering username
2026-08-08 16:03:54 INFO  LoginPage - Entering password
2026-08-08 16:03:54 INFO  LoginPage - Clicking Login button
2026-08-08 16:03:55 INFO  LoginPage - Login request submitted
2026-08-08 16:03:57 INFO  LoginPage - Opening Login Page
2026-08-08 16:03:57 INFO  LoginPage - Entering username
2026-08-08 16:03:57 INFO  LoginPage - Entering password
2026-08-08 16:03:57 INFO  LoginPage - Clicking Login button
2026-08-08 16:03:57 INFO  LoginPage - Login request submitted
2026-08-08 16:03:59 INFO  LoginPage - Opening Login Page
2026-08-08 16:03:59 INFO  LoginPage - Entering username
2026-08-08 16:03:59 INFO  LoginPage - Entering password
2026-08-08 16:04:00 INFO  LoginPage - Clicking Login button
2026-08-08 16:04:00 INFO  LoginPage - Login request submitted
2026-08-08 16:10:30 INFO  LoginPage - Opening Login Page
2026-08-08 16:10:31 INFO  LoginPage - Entering username
2026-08-08 16:10:31 INFO  LoginPage - Entering password
2026-08-08 16:10:31 INFO  LoginPage - Clicking Login button
2026-08-08 16:10:31 INFO  LoginPage - Login request submitted
2026-08-08 16:10:33 INFO  LoginPage - Opening Login Page
2026-08-08 16:10:34 INFO  LoginPage - Entering username
2026-08-08 16:10:34 INFO  LoginPage - Entering password
2026-08-08 16:10:34 INFO  LoginPage - Clicking Login button
2026-08-08 16:10:34 INFO  LoginPage - Login request submitted
2026-08-08 16:10:36 INFO  LoginPage - Opening Login Page
2026-08-08 16:10:42 INFO  LoginPage - Entering username
2026-08-08 16:10:42 INFO  LoginPage - Entering password
2026-08-08 16:10:42 INFO  LoginPage - Clicking Login button
2026-08-08 16:10:42 INFO  LoginPage - Login request submitted
2026-08-08 16:10:44 INFO  LoginPage - Opening Login Page
2026-08-08 16:10:44 INFO  LoginPage - Entering username
2026-08-08 16:10:45 INFO  LoginPage - Entering password
2026-08-08 16:10:45 INFO  LoginPage - Clicking Login button
2026-08-08 16:10:45 INFO  LoginPage - Login request submitted
2026-08-08 16:10:47 INFO  LoginPage - Opening Login Page
2026-08-08 16:10:47 INFO  LoginPage - Entering username
2026-08-08 16:10:47 INFO  LoginPage - Entering password
2026-08-08 16:10:47 INFO  LoginPage - Clicking Login button
2026-08-08 16:10:48 INFO  LoginPage - Login request submitted
2026-08-08 16:10:56 INFO  LoginPage - Opening Login Page
2026-08-08 16:10:56 INFO  LoginPage - Entering username
2026-08-08 16:10:56 INFO  LoginPage - Entering password
2026-08-08 16:10:56 INFO  LoginPage - Clicking Login button
2026-08-08 16:10:57 INFO  LoginPage - Login request submitted
2026-08-08 16:10:59 INFO  LoginPage - Opening Login Page
2026-08-08 16:10:59 INFO  LoginPage - Entering username
2026-08-08 16:10:59 INFO  LoginPage - Entering password
2026-08-08 16:10:59 INFO  LoginPage - Clicking Login button
2026-08-08 16:11:00 INFO  LoginPage - Login request submitted
2026-08-08 16:11:01 INFO  LoginPage - Opening Login Page
2026-08-08 16:11:02 INFO  LoginPage - Entering username
2026-08-08 16:11:02 INFO  LoginPage - Entering password
2026-08-08 16:11:02 INFO  LoginPage - Clicking Login button
2026-08-08 16:11:02 INFO  LoginPage - Login request submitted
2026-08-08 16:11:05 INFO  LoginPage - Opening Login Page
2026-08-08 16:11:05 INFO  LoginPage - Entering username
2026-08-08 16:11:05 INFO  LoginPage - Entering password
2026-08-08 16:11:05 INFO  LoginPage - Clicking Login button
2026-08-08 16:11:06 INFO  LoginPage - Login request submitted
2026-08-08 16:11:08 INFO  LoginPage - Opening Login Page
2026-08-08 16:11:08 INFO  LoginPage - Entering username
2026-08-08 16:11:08 INFO  LoginPage - Entering password
2026-08-08 16:11:08 INFO  LoginPage - Clicking Login button
2026-08-08 16:11:08 INFO  LoginPage - Login request submitted
2026-08-08 16:11:10 INFO  LoginPage - Opening Login Page
2026-08-08 16:11:10 INFO  LoginPage - Entering username
2026-08-08 16:11:11 INFO  LoginPage - Entering password
2026-08-08 16:11:11 INFO  LoginPage - Clicking Login button
2026-08-08 16:11:11 INFO  LoginPage - Login request submitted
2026-08-08 16:11:13 INFO  LoginPage - Opening Login Page
2026-08-08 16:11:13 INFO  LoginPage - Entering username
2026-08-08 16:11:13 INFO  LoginPage - Entering password
2026-08-08 16:11:13 INFO  LoginPage - Clicking Login button
2026-08-08 16:11:14 INFO  LoginPage - Login request submitted
2026-08-08 16:18:36 INFO  LoginPage - Opening Login Page
2026-08-08 16:18:36 INFO  LoginPage - Entering username
2026-08-08 16:18:37 INFO  LoginPage - Entering password
2026-08-08 16:18:37 INFO  LoginPage - Clicking Login button
2026-08-08 16:18:37 INFO  LoginPage - Login request submitted
2026-08-08 16:18:39 INFO  LoginPage - Opening Login Page
2026-08-08 16:18:39 INFO  LoginPage - Entering username
2026-08-08 16:18:39 INFO  LoginPage - Entering password
2026-08-08 16:18:39 INFO  LoginPage - Clicking Login button
2026-08-08 16:18:40 INFO  LoginPage - Login request submitted
2026-08-08 16:18:42 INFO  LoginPage - Opening Login Page
2026-08-08 16:18:42 INFO  LoginPage - Entering username
2026-08-08 16:18:42 INFO  LoginPage - Entering password
2026-08-08 16:18:42 INFO  LoginPage - Clicking Login button
2026-08-08 16:18:42 INFO  LoginPage - Login request submitted
2026-08-08 16:18:45 INFO  LoginPage - Opening Login Page
2026-08-08 16:18:45 INFO  LoginPage - Entering username
2026-08-08 16:18:45 INFO  LoginPage - Entering password
2026-08-08 16:18:45 INFO  LoginPage - Clicking Login button
2026-08-08 16:18:45 INFO  LoginPage - Login request submitted
2026-08-08 16:18:47 INFO  LoginPage - Opening Login Page
2026-08-08 16:18:48 INFO  LoginPage - Entering username
2026-08-08 16:18:48 INFO  LoginPage - Entering password
2026-08-08 16:18:48 INFO  LoginPage - Clicking Login button
2026-08-08 16:18:48 INFO  LoginPage - Login request submitted
2026-08-08 16:18:56 INFO  LoginPage - Opening Login Page
2026-08-08 16:18:57 INFO  LoginPage - Entering username
2026-08-08 16:18:57 INFO  LoginPage - Entering password
2026-08-08 16:18:57 INFO  LoginPage - Clicking Login button
2026-08-08 16:18:57 INFO  LoginPage - Login request submitted
2026-08-08 16:19:04 INFO  LoginPage - Opening Login Page
2026-08-08 16:19:04 INFO  LoginPage - Entering username
2026-08-08 16:19:05 INFO  LoginPage - Entering password
2026-08-08 16:19:05 INFO  LoginPage - Clicking Login button
2026-08-08 16:19:05 INFO  LoginPage - Login request submitted
2026-08-08 16:19:07 INFO  LoginPage - Opening Login Page
2026-08-08 16:19:07 INFO  LoginPage - Entering username
2026-08-08 16:19:07 INFO  LoginPage - Entering password
2026-08-08 16:19:07 INFO  LoginPage - Clicking Login button
2026-08-08 16:19:07 INFO  LoginPage - Login request submitted
2026-08-08 16:19:10 INFO  LoginPage - Opening Login Page
2026-08-08 16:19:11 INFO  LoginPage - Entering username
2026-08-08 16:19:11 INFO  LoginPage - Entering password
2026-08-08 16:19:11 INFO  LoginPage - Clicking Login button
2026-08-08 16:19:11 INFO  LoginPage - Login request submitted
2026-08-08 16:19:13 INFO  LoginPage - Opening Login Page
2026-08-08 16:19:13 INFO  LoginPage - Entering username
2026-08-08 16:19:13 INFO  LoginPage - Entering password
2026-08-08 16:19:13 INFO  LoginPage - Clicking Login button
2026-08-08 16:19:13 INFO  LoginPage - Login request submitted
2026-08-08 16:19:15 INFO  LoginPage - Opening Login Page
2026-08-08 16:19:16 INFO  LoginPage - Entering username
2026-08-08 16:19:16 INFO  LoginPage - Entering password
2026-08-08 16:19:16 INFO  LoginPage - Clicking Login button
2026-08-08 16:19:16 INFO  LoginPage - Login request submitted
2026-08-08 16:19:18 INFO  LoginPage - Opening Login Page
2026-08-08 16:19:18 INFO  LoginPage - Entering username
2026-08-08 16:19:18 INFO  LoginPage - Entering password
2026-08-08 16:19:18 INFO  LoginPage - Clicking Login button
2026-08-08 16:19:19 INFO  LoginPage - Login request submitted
2026-08-08 16:22:12 INFO  LoginPage - Opening Login Page
2026-08-08 16:22:12 INFO  LoginPage - Entering username
2026-08-08 16:22:12 INFO  LoginPage - Entering password
2026-08-08 16:22:12 INFO  LoginPage - Clicking Login button
2026-08-08 16:22:12 INFO  LoginPage - Login request submitted
2026-08-08 16:22:15 INFO  LoginPage - Opening Login Page
2026-08-08 16:22:15 INFO  LoginPage - Entering username
2026-08-08 16:22:15 INFO  LoginPage - Entering password
2026-08-08 16:22:15 INFO  LoginPage - Clicking Login button
2026-08-08 16:22:15 INFO  LoginPage - Login request submitted
2026-08-08 16:22:18 INFO  LoginPage - Opening Login Page
2026-08-08 16:22:18 INFO  LoginPage - Entering username
2026-08-08 16:22:18 INFO  LoginPage - Entering password
2026-08-08 16:22:18 INFO  LoginPage - Clicking Login button
2026-08-08 16:22:18 INFO  LoginPage - Login request submitted
2026-08-08 16:22:20 INFO  LoginPage - Opening Login Page
2026-08-08 16:22:21 INFO  LoginPage - Entering username
2026-08-08 16:22:21 INFO  LoginPage - Entering password
2026-08-08 16:22:21 INFO  LoginPage - Clicking Login button
2026-08-08 16:22:21 INFO  LoginPage - Login request submitted
2026-08-08 16:22:23 INFO  LoginPage - Opening Login Page
2026-08-08 16:22:23 INFO  LoginPage - Entering username
2026-08-08 16:22:24 INFO  LoginPage - Entering password
2026-08-08 16:22:24 INFO  LoginPage - Clicking Login button
2026-08-08 16:22:24 INFO  LoginPage - Login request submitted
2026-08-08 16:22:32 INFO  LoginPage - Opening Login Page
2026-08-08 16:22:33 INFO  LoginPage - Entering username
2026-08-08 16:22:33 INFO  LoginPage - Entering password
2026-08-08 16:22:33 INFO  LoginPage - Clicking Login button
2026-08-08 16:22:33 INFO  LoginPage - Login request submitted
2026-08-08 16:22:35 INFO  LoginPage - Opening Login Page
2026-08-08 16:22:35 INFO  LoginPage - Entering username
2026-08-08 16:22:35 INFO  LoginPage - Entering password
2026-08-08 16:22:35 INFO  LoginPage - Clicking Login button
2026-08-08 16:22:35 INFO  LoginPage - Login request submitted
2026-08-08 16:22:37 INFO  LoginPage - Opening Login Page
2026-08-08 16:22:38 INFO  LoginPage - Entering username
2026-08-08 16:22:38 INFO  LoginPage - Entering password
2026-08-08 16:22:38 INFO  LoginPage - Clicking Login button
2026-08-08 16:22:38 INFO  LoginPage - Login request submitted
2026-08-08 16:22:41 INFO  LoginPage - Opening Login Page
2026-08-08 16:22:41 INFO  LoginPage - Entering username
2026-08-08 16:22:41 INFO  LoginPage - Entering password
2026-08-08 16:22:41 INFO  LoginPage - Clicking Login button
2026-08-08 16:22:41 INFO  LoginPage - Login request submitted
2026-08-08 16:22:43 INFO  LoginPage - Opening Login Page
2026-08-08 16:22:44 INFO  LoginPage - Entering username
2026-08-08 16:22:44 INFO  LoginPage - Entering password
2026-08-08 16:22:44 INFO  LoginPage - Clicking Login button
2026-08-08 16:22:44 INFO  LoginPage - Login request submitted
2026-08-08 16:22:46 INFO  LoginPage - Opening Login Page
2026-08-08 16:22:46 INFO  LoginPage - Entering username
2026-08-08 16:22:47 INFO  LoginPage - Entering password
2026-08-08 16:22:47 INFO  LoginPage - Clicking Login button
2026-08-08 16:22:47 INFO  LoginPage - Login request submitted
2026-08-08 16:22:49 INFO  LoginPage - Opening Login Page
2026-08-08 16:22:49 INFO  LoginPage - Entering username
2026-08-08 16:22:49 INFO  LoginPage - Entering password
2026-08-08 16:22:49 INFO  LoginPage - Clicking Login button
2026-08-08 16:22:49 INFO  LoginPage - Login request submitted
2026-08-08 16:25:21 INFO  TokenManager - Access token not found. Performing login.
2026-08-08 16:25:23 INFO  TokenManager - Access token generated successfully.
2026-08-08 16:25:47 INFO  LoginPage - Opening Login Page
2026-08-08 16:25:47 INFO  LoginPage - Entering username
2026-08-08 16:25:47 INFO  LoginPage - Entering password
2026-08-08 16:25:47 INFO  LoginPage - Clicking Login button
2026-08-08 16:25:47 INFO  LoginPage - Login request submitted
2026-08-08 16:25:50 INFO  LoginPage - Opening Login Page
2026-08-08 16:25:50 INFO  LoginPage - Entering username
2026-08-08 16:25:50 INFO  LoginPage - Entering password
2026-08-08 16:25:50 INFO  LoginPage - Clicking Login button
2026-08-08 16:25:50 INFO  LoginPage - Login request submitted
2026-08-08 16:25:52 INFO  LoginPage - Opening Login Page
2026-08-08 16:25:53 INFO  LoginPage - Entering username
2026-08-08 16:25:53 INFO  LoginPage - Entering password
2026-08-08 16:25:53 INFO  LoginPage - Clicking Login button
2026-08-08 16:25:53 INFO  LoginPage - Login request submitted
2026-08-08 16:25:55 INFO  LoginPage - Opening Login Page
2026-08-08 16:25:55 INFO  LoginPage - Entering username
2026-08-08 16:25:56 INFO  LoginPage - Entering password
2026-08-08 16:25:56 INFO  LoginPage - Clicking Login button
2026-08-08 16:25:56 INFO  LoginPage - Login request submitted
2026-08-08 16:25:58 INFO  LoginPage - Opening Login Page
2026-08-08 16:25:58 INFO  LoginPage - Entering username
2026-08-08 16:25:58 INFO  LoginPage - Entering password
2026-08-08 16:25:58 INFO  LoginPage - Clicking Login button
2026-08-08 16:25:58 INFO  LoginPage - Login request submitted
2026-08-08 16:26:00 INFO  TokenManager - Using existing cached access token.
2026-08-08 16:26:07 INFO  LoginPage - Opening Login Page
2026-08-08 16:26:07 INFO  LoginPage - Entering username
2026-08-08 16:26:07 INFO  LoginPage - Entering password
2026-08-08 16:26:07 INFO  LoginPage - Clicking Login button
2026-08-08 16:26:07 INFO  LoginPage - Login request submitted
2026-08-08 16:26:10 INFO  LoginPage - Opening Login Page
2026-08-08 16:26:10 INFO  LoginPage - Entering username
2026-08-08 16:26:10 INFO  LoginPage - Entering password
2026-08-08 16:26:10 INFO  LoginPage - Clicking Login button
2026-08-08 16:26:10 INFO  LoginPage - Login request submitted
2026-08-08 16:26:13 INFO  LoginPage - Opening Login Page
2026-08-08 16:26:13 INFO  LoginPage - Entering username
2026-08-08 16:26:13 INFO  LoginPage - Entering password
2026-08-08 16:26:13 INFO  LoginPage - Clicking Login button
2026-08-08 16:26:13 INFO  LoginPage - Login request submitted
2026-08-08 16:26:14 INFO  TokenManager - Using existing cached access token.
2026-08-08 16:26:16 INFO  LoginPage - Opening Login Page
2026-08-08 16:26:16 INFO  LoginPage - Entering username
2026-08-08 16:26:17 INFO  LoginPage - Entering password
2026-08-08 16:26:17 INFO  LoginPage - Clicking Login button
2026-08-08 16:26:17 INFO  LoginPage - Login request submitted
2026-08-08 16:26:19 INFO  LoginPage - Opening Login Page
2026-08-08 16:26:19 INFO  LoginPage - Entering username
2026-08-08 16:26:19 INFO  LoginPage - Entering password
2026-08-08 16:26:19 INFO  LoginPage - Clicking Login button
2026-08-08 16:26:19 INFO  LoginPage - Login request submitted
2026-08-08 16:26:21 INFO  LoginPage - Opening Login Page
2026-08-08 16:26:21 INFO  LoginPage - Entering username
2026-08-08 16:26:22 INFO  LoginPage - Entering password
2026-08-08 16:26:22 INFO  LoginPage - Clicking Login button
2026-08-08 16:26:22 INFO  LoginPage - Login request submitted
2026-08-08 16:26:24 INFO  LoginPage - Opening Login Page
2026-08-08 16:26:24 INFO  LoginPage - Entering username
2026-08-08 16:26:24 INFO  LoginPage - Entering password
2026-08-08 16:26:24 INFO  LoginPage - Clicking Login button
2026-08-08 16:26:24 INFO  LoginPage - Login request submitted
2026-08-08 16:26:27 INFO  TokenManager - Using existing cached access token.
2026-08-08 16:26:27 INFO  TokenManager - Using existing cached access token.
2026-08-08 16:26:28 INFO  TokenManager - Using existing cached access token.
2026-08-08 16:26:29 INFO  TokenManager - Using existing cached access token.
2026-08-08 16:31:59 INFO  TokenManager - Access token not found. Performing login.
2026-08-08 16:32:02 INFO  TokenManager - Access token generated successfully.
2026-08-08 16:32:26 INFO  LoginPage - Opening Login Page
2026-08-08 16:32:27 INFO  LoginPage - Entering username
2026-08-08 16:32:27 INFO  LoginPage - Entering password
2026-08-08 16:32:27 INFO  LoginPage - Clicking Login button
2026-08-08 16:32:27 INFO  LoginPage - Login request submitted
2026-08-08 16:32:29 INFO  LoginPage - Opening Login Page
2026-08-08 16:32:30 INFO  LoginPage - Entering username
2026-08-08 16:32:30 INFO  LoginPage - Entering password
2026-08-08 16:32:30 INFO  LoginPage - Clicking Login button
2026-08-08 16:32:30 INFO  LoginPage - Login request submitted
2026-08-08 16:32:32 INFO  LoginPage - Opening Login Page
2026-08-08 16:32:33 INFO  LoginPage - Entering username
2026-08-08 16:32:33 INFO  LoginPage - Entering password
2026-08-08 16:32:33 INFO  LoginPage - Clicking Login button
2026-08-08 16:32:33 INFO  LoginPage - Login request submitted
2026-08-08 16:32:35 INFO  LoginPage - Opening Login Page
2026-08-08 16:32:35 INFO  LoginPage - Entering username
2026-08-08 16:32:35 INFO  LoginPage - Entering password
2026-08-08 16:32:35 INFO  LoginPage - Clicking Login button
2026-08-08 16:32:36 INFO  LoginPage - Login request submitted
2026-08-08 16:32:38 INFO  LoginPage - Opening Login Page
2026-08-08 16:32:38 INFO  LoginPage - Entering username
2026-08-08 16:32:38 INFO  LoginPage - Entering password
2026-08-08 16:32:38 INFO  LoginPage - Clicking Login button
2026-08-08 16:32:38 INFO  LoginPage - Login request submitted
2026-08-08 16:32:40 INFO  TokenManager - Using existing cached access token.
2026-08-08 16:32:47 INFO  LoginPage - Opening Login Page
2026-08-08 16:32:47 INFO  LoginPage - Entering username
2026-08-08 16:32:47 INFO  LoginPage - Entering password
2026-08-08 16:32:47 INFO  LoginPage - Clicking Login button
2026-08-08 16:32:47 INFO  LoginPage - Login request submitted
2026-08-08 16:32:50 INFO  LoginPage - Opening Login Page
2026-08-08 16:32:50 INFO  LoginPage - Entering username
2026-08-08 16:32:50 INFO  LoginPage - Entering password
2026-08-08 16:32:50 INFO  LoginPage - Clicking Login button
2026-08-08 16:32:50 INFO  LoginPage - Login request submitted
2026-08-08 16:32:52 INFO  LoginPage - Opening Login Page
2026-08-08 16:32:53 INFO  LoginPage - Entering username
2026-08-08 16:32:53 INFO  LoginPage - Entering password
2026-08-08 16:32:53 INFO  LoginPage - Clicking Login button
2026-08-08 16:32:53 INFO  LoginPage - Login request submitted
2026-08-08 16:32:54 INFO  TokenManager - Using existing cached access token.
2026-08-08 16:32:56 INFO  LoginPage - Opening Login Page
2026-08-08 16:32:56 INFO  LoginPage - Entering username
2026-08-08 16:32:56 INFO  LoginPage - Entering password
2026-08-08 16:32:56 INFO  LoginPage - Clicking Login button
2026-08-08 16:32:57 INFO  LoginPage - Login request submitted
2026-08-08 16:32:59 INFO  LoginPage - Opening Login Page
2026-08-08 16:32:59 INFO  LoginPage - Entering username
2026-08-08 16:32:59 INFO  LoginPage - Entering password
2026-08-08 16:32:59 INFO  LoginPage - Clicking Login button
2026-08-08 16:32:59 INFO  LoginPage - Login request submitted
2026-08-08 16:33:01 INFO  LoginPage - Opening Login Page
2026-08-08 16:33:02 INFO  LoginPage - Entering username
2026-08-08 16:33:02 INFO  LoginPage - Entering password
2026-08-08 16:33:02 INFO  LoginPage - Clicking Login button
2026-08-08 16:33:02 INFO  LoginPage - Login request submitted
2026-08-08 16:33:04 INFO  LoginPage - Opening Login Page
2026-08-08 16:33:09 INFO  LoginPage - Entering username
2026-08-08 16:33:09 INFO  LoginPage - Entering password
2026-08-08 16:33:09 INFO  LoginPage - Clicking Login button
2026-08-08 16:33:09 INFO  LoginPage - Login request submitted
2026-08-08 16:33:12 INFO  TokenManager - Using existing cached access token.
2026-08-08 16:33:12 INFO  TokenManager - Using existing cached access token.
2026-08-08 16:33:13 INFO  TokenManager - Using existing cached access token.
2026-08-08 16:33:14 INFO  TokenManager - Using existing cached access token.
2026-08-08 17:00:29 INFO  TokenManager - Access token not found. Performing login.
2026-08-08 17:00:32 INFO  TokenManager - Access token generated successfully.
2026-08-08 17:01:07 INFO  TokenManager - Using existing cached access token.
2026-08-08 17:01:20 INFO  TokenManager - Using existing cached access token.
2026-08-08 17:01:38 INFO  TokenManager - Using existing cached access token.
2026-08-08 17:01:38 INFO  TokenManager - Using existing cached access token.
2026-08-08 17:01:39 INFO  TokenManager - Using existing cached access token.
2026-08-08 17:01:41 INFO  TokenManager - Using existing cached access token.
2026-08-08 17:06:17 INFO  TokenManager - Access token not found. Performing login.
2026-08-08 17:06:20 INFO  TokenManager - Access token generated successfully.
2026-08-08 17:06:56 INFO  TokenManager - Using existing cached access token.
2026-08-08 17:07:07 INFO  TokenManager - Using existing cached access token.
2026-08-08 17:07:28 INFO  TokenManager - Using existing cached access token.
2026-08-08 17:07:28 INFO  TokenManager - Using existing cached access token.
2026-08-08 17:07:29 INFO  TokenManager - Using existing cached access token.
2026-08-08 17:07:30 INFO  TokenManager - Using existing cached access token.
2026-08-08 17:20:19 INFO  TokenManager - Access token not found. Performing login.
2026-08-08 17:20:21 INFO  TokenManager - Access token generated successfully.
2026-08-08 17:20:58 INFO  TokenManager - Using existing cached access token.
2026-08-08 17:21:10 INFO  TokenManager - Using existing cached access token.
2026-08-08 17:21:26 INFO  TokenManager - Using existing cached access token.
2026-08-08 17:21:27 INFO  TokenManager - Using existing cached access token.
2026-08-08 17:21:27 INFO  TokenManager - Using existing cached access token.
2026-08-08 17:21:28 INFO  TokenManager - Using existing cached access token.
2026-08-08 17:31:33 INFO  TokenManager - Access token not found. Performing login.
2026-08-08 17:31:35 INFO  TokenManager - Access token generated successfully.
2026-08-08 17:32:13 INFO  TokenManager - Using existing cached access token.
2026-08-08 17:32:24 INFO  TokenManager - Using existing cached access token.
2026-08-08 17:32:40 INFO  TokenManager - Using existing cached access token.
2026-08-08 17:32:41 INFO  TokenManager - Using existing cached access token.
2026-08-08 17:32:41 INFO  TokenManager - Using existing cached access token.
2026-08-08 17:32:43 INFO  TokenManager - Using existing cached access token.
2026-08-08 17:38:40 INFO  TokenManager - Access token not found. Performing login.
2026-08-08 17:38:42 INFO  TokenManager - Access token generated successfully.
2026-08-08 17:39:19 INFO  TokenManager - Using existing cached access token.
2026-08-08 17:39:29 INFO  TokenManager - Using existing cached access token.
2026-08-08 17:39:42 INFO  TokenManager - Using existing cached access token.
2026-08-08 17:39:43 INFO  TokenManager - Using existing cached access token.
2026-08-08 17:39:43 INFO  TokenManager - Using existing cached access token.
2026-08-08 17:39:44 INFO  TokenManager - Using existing cached access token.
2026-08-08 17:43:21 INFO  TokenManager - Access token not found. Performing login.
2026-08-08 17:43:23 INFO  TokenManager - Access token generated successfully.
2026-08-08 17:44:00 INFO  TokenManager - Using existing cached access token.
2026-08-08 17:44:10 INFO  TokenManager - Using existing cached access token.
2026-08-08 17:44:23 INFO  TokenManager - Using existing cached access token.
2026-08-08 17:44:24 INFO  TokenManager - Using existing cached access token.
2026-08-08 17:44:24 INFO  TokenManager - Using existing cached access token.
2026-08-08 17:44:25 INFO  TokenManager - Using existing cached access token.
2026-08-08 17:46:57 INFO  TokenManager - Access token not found. Performing login.
2026-08-08 17:47:00 INFO  TokenManager - Access token generated successfully.
2026-08-08 17:47:35 INFO  TokenManager - Using existing cached access token.
2026-08-08 17:47:45 INFO  TokenManager - Using existing cached access token.
2026-08-08 17:47:59 INFO  TokenManager - Using existing cached access token.
2026-08-08 17:47:59 INFO  TokenManager - Using existing cached access token.
2026-08-08 17:48:00 INFO  TokenManager - Using existing cached access token.
2026-08-08 17:48:01 INFO  TokenManager - Using existing cached access token.
2026-08-08 17:59:54 INFO  TokenManager - Access token not found. Performing login.
2026-08-08 17:59:57 INFO  TokenManager - Access token generated successfully.
2026-08-08 18:00:33 INFO  TokenManager - Using existing cached access token.
2026-08-08 18:00:44 INFO  TokenManager - Using existing cached access token.
2026-08-08 18:00:58 INFO  TokenManager - Using existing cached access token.
2026-08-08 18:00:59 INFO  TokenManager - Using existing cached access token.
2026-08-08 18:00:59 INFO  TokenManager - Using existing cached access token.
2026-08-08 18:01:00 INFO  TokenManager - Using existing cached access token.
2026-08-08 18:24:05 INFO  TokenManager - Access token not found. Performing login.
2026-08-08 18:24:08 INFO  TokenManager - Access token generated successfully.
2026-08-08 18:24:35 INFO  TokenManager - Using existing cached access token.
2026-08-08 18:24:40 INFO  TokenManager - Using existing cached access token.
2026-08-08 18:24:44 INFO  TokenManager - Using existing cached access token.
2026-08-08 18:24:45 INFO  TokenManager - Using existing cached access token.
2026-08-08 18:24:45 INFO  TokenManager - Using existing cached access token.
2026-08-08 18:24:45 INFO  TokenManager - Using existing cached access token.
2026-08-08 18:25:15 INFO  TokenManager - Access token not found. Performing login.
2026-08-08 18:25:17 INFO  TokenManager - Access token generated successfully.
2026-08-08 18:25:44 INFO  TokenManager - Using existing cached access token.
2026-08-08 18:25:48 INFO  TokenManager - Using existing cached access token.
2026-08-08 18:25:52 INFO  TokenManager - Using existing cached access token.
2026-08-08 18:25:53 INFO  TokenManager - Using existing cached access token.
2026-08-08 18:25:53 INFO  TokenManager - Using existing cached access token.
2026-08-08 18:25:55 INFO  TokenManager - Using existing cached access token.
2026-08-09 12:16:22 INFO  TokenManager - Access token not found. Performing login.
2026-08-09 12:16:24 INFO  TokenManager - Access token generated successfully.
2026-08-09 12:16:58 INFO  TokenManager - Using existing cached access token.
2026-08-09 12:17:03 INFO  TokenManager - Using existing cached access token.
2026-08-09 12:17:08 INFO  TokenManager - Using existing cached access token.
2026-08-09 12:17:09 INFO  TokenManager - Using existing cached access token.
2026-08-09 12:17:09 INFO  TokenManager - Using existing cached access token.
2026-08-09 12:17:09 INFO  TokenManager - Using existing cached access token.
2026-08-09 12:20:26 INFO  TokenManager - Access token not found. Performing login.
2026-08-09 12:20:29 INFO  TokenManager - Access token generated successfully.
2026-08-09 12:20:57 INFO  TokenManager - Using existing cached access token.
2026-08-09 12:21:03 INFO  TokenManager - Using existing cached access token.
2026-08-09 12:21:08 INFO  TokenManager - Using existing cached access token.
2026-08-09 12:21:09 INFO  TokenManager - Using existing cached access token.
2026-08-09 12:21:09 INFO  TokenManager - Using existing cached access token.
2026-08-09 12:21:11 INFO  TokenManager - Using existing cached access token.
2026-08-09 12:28:01 INFO  TokenManager - Access token not found. Performing login.
2026-08-09 12:28:04 INFO  TokenManager - Access token generated successfully.
2026-08-09 12:28:41 INFO  TokenManager - Using existing cached access token.
2026-08-09 12:28:46 INFO  TokenManager - Using existing cached access token.
2026-08-09 12:28:53 INFO  TokenManager - Using existing cached access token.
2026-08-09 12:28:54 INFO  TokenManager - Using existing cached access token.
2026-08-09 12:28:54 INFO  TokenManager - Using existing cached access token.
2026-08-09 12:28:55 INFO  TokenManager - Using existing cached access token.
2026-08-09 12:40:55 INFO  TokenManager - Access token not found. Performing login.
2026-08-09 12:40:58 INFO  TokenManager - Access token generated successfully.
2026-08-09 12:41:27 INFO  TokenManager - Using existing cached access token.
2026-08-09 12:41:31 INFO  TokenManager - Using existing cached access token.
2026-08-09 12:41:38 INFO  TokenManager - Using existing cached access token.
2026-08-09 12:41:39 INFO  TokenManager - Using existing cached access token.
2026-08-09 12:41:39 INFO  TokenManager - Using existing cached access token.
2026-08-09 12:41:39 INFO  TokenManager - Using existing cached access token.
2026-08-09 12:49:33 INFO  TokenManager - Access token not found. Performing login.
2026-08-09 12:49:36 INFO  TokenManager - Access token generated successfully.
2026-08-09 12:50:03 INFO  TokenManager - Using existing cached access token.
2026-08-09 12:50:08 INFO  TokenManager - Using existing cached access token.
2026-08-09 12:50:13 INFO  TokenManager - Using existing cached access token.
2026-08-09 12:50:13 INFO  TokenManager - Using existing cached access token.
2026-08-09 12:50:14 INFO  TokenManager - Using existing cached access token.
2026-08-09 12:50:15 INFO  TokenManager - Using existing cached access token.
2026-08-09 12:56:25 INFO  TokenManager - Access token not found. Performing login.
2026-08-09 12:56:27 INFO  TokenManager - Access token generated successfully.
2026-08-09 12:56:58 INFO  TokenManager - Using existing cached access token.
2026-08-09 12:57:01 INFO  TokenManager - Using existing cached access token.
2026-08-09 12:57:06 INFO  TokenManager - Using existing cached access token.
2026-08-09 12:57:07 INFO  TokenManager - Using existing cached access token.
2026-08-09 12:57:07 INFO  TokenManager - Using existing cached access token.
2026-08-09 12:57:07 INFO  TokenManager - Using existing cached access token.
2026-08-09 13:00:22 INFO  TokenManager - Access token not found. Performing login.
2026-08-09 13:00:25 INFO  TokenManager - Access token generated successfully.
2026-08-09 13:00:53 INFO  TokenManager - Using existing cached access token.
2026-08-09 13:00:57 INFO  TokenManager - Using existing cached access token.
2026-08-09 13:01:03 INFO  TokenManager - Using existing cached access token.
2026-08-09 13:01:03 INFO  TokenManager - Using existing cached access token.
2026-08-09 13:01:03 INFO  TokenManager - Using existing cached access token.
2026-08-09 13:01:04 INFO  TokenManager - Using existing cached access token.
2026-08-09 13:03:24 INFO  TokenManager - Access token not found. Performing login.
2026-08-09 13:03:27 INFO  TokenManager - Access token generated successfully.
2026-08-09 13:03:53 INFO  TokenManager - Using existing cached access token.
2026-08-09 13:03:59 INFO  TokenManager - Using existing cached access token.
2026-08-09 13:04:07 INFO  TokenManager - Using existing cached access token.
2026-08-09 13:04:08 INFO  TokenManager - Using existing cached access token.
2026-08-09 13:04:08 INFO  TokenManager - Using existing cached access token.
2026-08-09 13:04:08 INFO  TokenManager - Using existing cached access token.
2026-08-09 13:07:37 INFO  TokenManager - Access token not found. Performing login.
2026-08-09 13:07:40 INFO  TokenManager - Access token generated successfully.
2026-08-09 13:08:06 INFO  TokenManager - Using existing cached access token.
2026-08-09 13:08:12 INFO  TokenManager - Using existing cached access token.
2026-08-09 13:08:16 INFO  TokenManager - Using existing cached access token.
2026-08-09 13:08:17 INFO  TokenManager - Using existing cached access token.
2026-08-09 13:08:17 INFO  TokenManager - Using existing cached access token.
2026-08-09 13:08:19 INFO  TokenManager - Using existing cached access token.
2026-08-09 13:14:03 INFO  TokenManager - Access token not found. Performing login.
2026-08-09 13:14:06 INFO  TokenManager - Access token generated successfully.
2026-08-09 13:14:31 INFO  TokenManager - Using existing cached access token.
2026-08-09 13:14:36 INFO  TokenManager - Using existing cached access token.
2026-08-09 13:14:40 INFO  TokenManager - Using existing cached access token.
2026-08-09 13:14:41 INFO  TokenManager - Using existing cached access token.
2026-08-09 13:14:41 INFO  TokenManager - Using existing cached access token.
2026-08-09 13:14:42 INFO  TokenManager - Using existing cached access token.
2026-08-09 13:32:15 INFO  TokenManager - Access token not found. Performing login.
2026-08-09 13:32:17 INFO  TokenManager - Access token generated successfully.
2026-08-09 13:32:40 INFO  TokenManager - Using existing cached access token.
2026-08-09 13:32:47 INFO  TokenManager - Using existing cached access token.
2026-08-09 13:32:47 INFO  TokenManager - Using existing cached access token.
2026-08-09 13:32:48 INFO  TokenManager - Using existing cached access token.
2026-08-09 13:32:48 INFO  TokenManager - Using existing cached access token.
2026-08-09 13:32:49 INFO  TokenManager - Using existing cached access token.
2026-08-09 13:36:19 INFO  TokenManager - Access token not found. Performing login.
2026-08-09 13:36:21 INFO  TokenManager - Access token generated successfully.
2026-08-09 13:36:46 INFO  TokenManager - Using existing cached access token.
2026-08-09 13:36:50 INFO  TokenManager - Using existing cached access token.
2026-08-09 13:36:54 INFO  TokenManager - Using existing cached access token.
2026-08-09 13:36:55 INFO  TokenManager - Using existing cached access token.
2026-08-09 13:36:55 INFO  TokenManager - Using existing cached access token.
2026-08-09 13:36:56 INFO  TokenManager - Using existing cached access token.
2026-08-09 13:41:39 INFO  TokenManager - Access token not found. Performing login.
2026-08-09 13:41:41 INFO  TokenManager - Access token generated successfully.
2026-08-09 13:42:09 INFO  TokenManager - Using existing cached access token.
2026-08-09 13:42:14 INFO  TokenManager - Using existing cached access token.
2026-08-09 13:42:18 INFO  TokenManager - Using existing cached access token.
2026-08-09 13:42:19 INFO  TokenManager - Using existing cached access token.
2026-08-09 13:42:19 INFO  TokenManager - Using existing cached access token.
2026-08-09 13:42:20 INFO  TokenManager - Using existing cached access token.
2026-08-10 20:08:02 INFO  TokenManager - Access token not found. Performing login.
2026-08-10 20:08:06 INFO  TokenManager - Access token generated successfully.
2026-08-10 20:08:43 INFO  TokenManager - Using existing cached access token.
2026-08-10 20:08:50 INFO  TokenManager - Using existing cached access token.
2026-08-10 20:08:56 INFO  TokenManager - Using existing cached access token.
2026-08-10 20:08:56 INFO  TokenManager - Using existing cached access token.
2026-08-10 20:08:57 INFO  TokenManager - Using existing cached access token.
2026-08-10 20:09:00 INFO  TokenManager - Using existing cached access token.
2026-08-10 20:23:53 INFO  TokenManager - Access token not found. Performing login.
2026-08-10 20:23:56 INFO  TokenManager - Access token generated successfully.
2026-08-10 20:24:25 INFO  TokenManager - Using existing cached access token.
2026-08-10 20:24:30 INFO  TokenManager - Using existing cached access token.
2026-08-10 20:24:34 INFO  TokenManager - Using existing cached access token.
2026-08-10 20:24:35 INFO  TokenManager - Using existing cached access token.
2026-08-10 20:24:36 INFO  TokenManager - Using existing cached access token.
2026-08-10 20:24:37 INFO  TokenManager - Using existing cached access token.
2026-08-10 20:32:48 INFO  TokenManager - Access token not found. Performing login.
2026-08-10 20:32:51 INFO  TokenManager - Access token generated successfully.
2026-08-10 20:33:19 INFO  TokenManager - Using existing cached access token.
2026-08-10 20:33:25 INFO  TokenManager - Using existing cached access token.
2026-08-10 20:33:31 INFO  TokenManager - Using existing cached access token.
2026-08-10 20:33:31 INFO  TokenManager - Using existing cached access token.
2026-08-10 20:33:32 INFO  TokenManager - Using existing cached access token.
2026-08-10 20:33:32 INFO  TokenManager - Using existing cached access token.
2026-08-10 20:44:45 INFO  TokenManager - Access token not found. Performing login.
2026-08-10 20:44:48 INFO  TokenManager - Access token generated successfully.
2026-08-10 20:45:27 INFO  TokenManager - Using existing cached access token.
2026-08-10 20:45:34 INFO  TokenManager - Using existing cached access token.
2026-08-10 20:45:37 INFO  TokenManager - Using existing cached access token.
2026-08-10 20:45:38 INFO  TokenManager - Using existing cached access token.
2026-08-10 20:45:38 INFO  TokenManager - Using existing cached access token.
2026-08-10 20:45:41 INFO  TokenManager - Using existing cached access token.
2026-08-10 20:53:18 INFO  TokenManager - Access token not found. Performing login.
2026-08-10 20:53:21 INFO  TokenManager - Access token generated successfully.
2026-08-10 20:53:50 INFO  TokenManager - Using existing cached access token.
2026-08-10 20:53:54 INFO  TokenManager - Using existing cached access token.
2026-08-10 20:53:58 INFO  TokenManager - Using existing cached access token.
2026-08-10 20:53:59 INFO  TokenManager - Using existing cached access token.
2026-08-10 20:53:59 INFO  TokenManager - Using existing cached access token.
2026-08-10 20:54:02 INFO  TokenManager - Using existing cached access token.
